listing_id,link_url,listing_title,suburb_clean,bedrooms,usable_area,sale_price,price_per_sqm,monthly_condo_fee_used,yearly_iptu_used,n_listings,median_adr,median_occupancy_proxy,median_gross_revenue_proxy_90,annual_gross_low,annual_gross_base,annual_gross_high,annual_noi_low,annual_noi_base,annual_noi_high,total_investment,net_yield_low,net_yield_base,net_yield_high,payback_years_base,ppsqm_pct,is_presale_or_construction,advertiser_name
2750112194,https://www.vivareal.com.br/imovel/apartamento-2-quartos-morretes-bairros-itapema-com-garagem-52m2-venda-RS458000-id-2750112194/,Apartamento com 02 dormitórios em empreendimento com área de lazer completa em Itapema,Morretes,2,52,458000.0,8807.692307692309,350.0,850.0,38,449.25,0.27222222222222225,11578.130571871769,19721.41574075491,29934.291749360138,42260.17658733196,8163.348546305788,15005.975472071292,23264.31831351241,590900.0,0.01381511008005718,0.02539511841609628,0.03937099054579863,39.37764666480809,0.13773035887487875,False,José Junior - Corretor de Imóveis
2614369252,https://www.vivareal.com.br/imovel/apartamento-2-quartos-morretes-bairros-itapema-com-garagem-55m2-venda-RS460000-id-2614369252/,APARTAMENTO A VENDA EM ITAPEMA | 2 DORMITORIOS,Morretes,2,55,460000.0,8363.636363636364,350.0,850.0,38,449.25,0.27222222222222225,11578.130571871769,19721.41574075491,29934.291749360138,42260.17658733196,8163.348546305788,15005.975472071292,23264.31831351241,593000.0,0.01376618641872814,0.025305186293543492,0.03923156545280339,39.51759091594381,0.1008729388942774,False,Eraci Eponina Jaques de Oliveira
2769968613,https://www.vivareal.com.br/imovel/apartamento-2-quartos-morretes-bairros-itapema-com-garagem-55m2-venda-RS475000-id-2769968613/,"Apartamento à venda com ótima localização, próximo ao supermercado Koch em Morretes, Itapema, SC",Morretes,2,55,475000.0,8636.363636363636,350.0,850.0,38,449.25,0.27222222222222225,11578.130571871769,19721.41574075491,29934.291749360138,42260.17658733196,8163.348546305788,15005.975472071292,23264.31831351241,608750.0,0.013410018145882198,0.024650473054737235,0.03821653932404503,40.567172799461716,0.12997090203685743,False,Ruviaro Imóveis
2748077316,https://www.vivareal.com.br/imovel/apartamento-2-quartos-morretes-bairros-itapema-com-garagem-60m2-venda-RS525500-id-2748077316/,"Apartamento para Venda em Itapema, Morretes, 2 dormitórios, 1 suíte, 2 banheiros, 1 vaga",Morretes,2,60,525500.0,8758.333333333334,250.0,750.0,38,449.25,0.27222222222222225,11578.130571871769,19721.41574075491,29934.291749360138,42260.17658733196,9463.348546305788,16305.975472071292,24564.31831351241,661775.0,0.014299948692993522,0.024639757428236625,0.03711883693628863,40.584815127036194,0.13482056256062075,False,WA 10 Imóveis
2727530262,https://www.vivareal.com.br/imovel/apartamento-2-quartos-morretes-bairros-itapema-com-garagem-60m2-venda-RS525000-id-2727530262/,"APTO COM 02 DORMS EM ITAPEMA, LAZER COMPLETO, OPORTUNIDADE!!!",Morretes,2,60,525000.0,8750.0,300.0,500.0,38,449.25,0.27222222222222225,11578.130571871769,19721.41574075491,29934.291749360138,42260.17658733196,9113.348546305788,15955.975472071292,24214.31831351241,661250.0,0.013782001582314992,0.024130019617499117,0.03661900690134202,41.44215445539046,0.13336566440349176,False,Nei Costa
2728011539,https://www.vivareal.com.br/imovel/apartamento-2-quartos-morretes-bairros-itapema-com-garagem-60m2-venda-RS525000-id-2728011539/,"APTO COM 02 DORMS EM ITAPEMA, LAZER COMPLETO, OPORTUNIDADE!!!",Morretes,2,60,525000.0,8750.0,300.0,500.0,38,449.25,0.27222222222222225,11578.130571871769,19721.41574075491,29934.291749360138,42260.17658733196,9113.348546305788,15955.975472071292,24214.31831351241,661250.0,0.013782001582314992,0.024130019617499117,0.03661900690134202,41.44215445539046,0.13336566440349176,False,Nei Costa
2767581974,https://www.vivareal.com.br/imovel/apartamento-2-quartos-morretes-bairros-itapema-com-garagem-50m2-venda-RS495000-id-2767581974/,APARTAMENTO A VENDA EM ITAPEMA,Morretes,2,50,495000.0,9900.0,350.0,850.0,38,449.25,0.27222222222222225,11578.130571871769,19721.41574075491,29934.291749360138,42260.17658733196,8163.348546305788,15005.975472071292,23264.31831351241,629750.0,0.012962840089409747,0.023828464425678906,0.03694214896945202,41.966615310818916,0.23569350145489815,False,HRM Imóveis
2692570680,https://www.vivareal.com.br/imovel/apartamento-2-quartos-morretes-bairros-itapema-com-garagem-60m2-venda-RS530000-id-2692570680/,Exclusividade - Apartamento 02 Dormitórios mobiliado em Morretes - Itapema,Morretes,2,60,530000.0,8833.333333333334,350.0,850.0,38,449.25,0.27222222222222225,11578.130571871769,19721.41574075491,29934.291749360138,42260.17658733196,8163.348546305788,15005.975472071292,23264.31831351241,666500.0,0.012248084840668848,0.022514591856070954,0.03490520377121142,44.41563970569401,0.14451988360814744,False,Imobiliária Morada do Sol
2760266628,https://www.vivareal.com.br/imovel/apartamento-2-quartos-morretes-bairros-itapema-com-garagem-68m2-venda-RS600000-id-2760266628/,Imóvel para venda possui 68 metros quadrados com 2 quartos em Morretes - Itapema - SC,Morretes,2,68,600000.0,8823.529411764706,250.0,560.0,38,449.25,0.27222222222222225,11578.130571871769,19721.41574075491,29934.291749360138,42260.17658733196,9653.348546305788,16495.97547207129,24754.31831351241,740000.0,0.01304506560311593,0.022291858746042285,0.0334517815047465,44.85942654636375,0.1396702230843841,False,Galaxy Investimentos Imobiliários
2663775496,https://www.vivareal.com.br/imovel/apartamento-2-quartos-morretes-bairros-itapema-com-garagem-62m2-venda-RS550000-id-2663775496/,"Apartamento, 2 Dorm e 01 Vaga, no Morretes!",Morretes,2,62,550000.0,8870.967741935483,350.0,850.0,38,449.25,0.27222222222222225,11578.130571871769,19721.41574075491,29934.291749360138,42260.17658733196,8163.348546305788,15005.975472071292,23264.31831351241,687500.0,0.011873961521899328,0.02182687341392188,0.033839008456018047,45.81508221705121,0.15615906886517944,False,CONFIARI INVESTIMENTOS IMOBILIÁRIOS
2748586010,https://www.vivareal.com.br/imovel/apartamento-2-quartos-morretes-bairros-itapema-com-garagem-60m2-venda-RS550000-id-2748586010/,Oportunidade! Apartamento 02 dormitórios em Itapema próximo ao Komprão atacadista,Morretes,2,60,550000.0,9166.666666666666,350.0,850.0,38,449.25,0.27222222222222225,11578.130571871769,19721.41574075491,29934.291749360138,42260.17658733196,8163.348546305788,15005.975472071292,23264.31831351241,687500.0,0.011873961521899328,0.02182687341392188,0.033839008456018047,45.81508221705121,0.16779825412221144,False,José Junior - Corretor de Imóveis
2710044482,https://www.vivareal.com.br/imovel/apartamento-2-quartos-morretes-bairros-itapema-com-garagem-65m2-venda-RS610000-id-2710044482/,"Apartamento venda, 65 m², com 2 quartos sendo uma suíte, em Morretes - Itapema - SC",Morretes,2,65,610000.0,9384.615384615385,270.0,490.0,38,449.25,0.27222222222222225,11578.130571871769,19721.41574075491,29934.291749360138,42260.17658733196,9483.348546305788,16325.975472071292,24584.31831351241,750500.0,0.012636040701273535,0.02175346498610432,0.032757252916072496,45.96968807676296,0.18234723569350145,False,Airton Investimentos Imobiliários BC
2769850382,https://www.vivareal.com.br/imovel/apartamento-2-quartos-morretes-bairros-itapema-com-garagem-69m2-venda-RS579760-id-2769850382/,Apartamento em Rua 416 - Morretes - Itapema/SC,Morretes,2,69,579760.0,8402.31884057971,300.0,850.0,38,449.25,0.27222222222222225,11578.130571871769,19721.41574075491,29934.291749360138,42260.17658733196,8763.348546305788,15605.975472071292,23864.31831351241,718748.0,0.012192518860999665,0.02171272194436895,0.03320262221740083,46.05594833121988,0.11154219204655674,False,USUÁRIO NEWCORE
2669679707,https://www.vivareal.com.br/imovel/apartamento-2-quartos-morretes-bairros-itapema-59m2-venda-RS560000-id-2669679707/,EXCELENTE APARTAMENTO EM ITAPEMA,Morretes,2,59,560000.0,9491.525423728814,350.0,850.0,38,449.25,0.27222222222222225,11578.130571871769,19721.41574075491,29934.291749360138,42260.17658733196,8163.348546305788,15005.975472071292,23264.31831351241,698000.0,0.011695341756885082,0.021498532194944544,0.03332996893053354,46.51480347272982,0.19786614936954414,False,Paulo Ricardo Corretor de Imoveis
2732128414,https://www.vivareal.com.br/imovel/apartamento-2-quartos-morretes-bairros-itapema-com-garagem-59m2-venda-RS525000-id-2732128414/,APARTAMENTO C/ 2 QUARTOS E 1 VAGA MORRETES ITAPEMA,Morretes,2,59,525000.0,8898.305084745763,416.0,850.0,38,449.25,0.27222222222222225,11578.130571871769,19721.41574075491,29934.291749360138,42260.17658733196,7371.348546305788,14213.975472071292,22472.31831351241,661250.0,0.011147597045452987,0.021495615080637114,0.03398460236448001,46.52111587636231,0.1571290009699321,False,Reggiori Imóveis
2736865251,https://www.vivareal.com.br/imovel/apartamento-3-quartos-meia-praia-bairros-itapema-com-garagem-70m2-venda-RS899000-id-2736865251/,Apartamento Finamente Mobiliado,Meia Praia,3,70,899000.0,12842.857142857143,450.0,500.0,201,690.0,0.3,16716.8871082036,28474.431040973457,43220.11854433471,61016.63794494313,13177.868797452214,23057.479424704256,34981.14742311189,1078950.0,0.012213604705919843,0.02137029466120233,0.03242147219343982,46.793926609514436,0.30871670702179177,False,Crédito Real | Bombinhas
2710639195,https://www.vivareal.com.br/imovel/apartamento-2-quartos-tabuleiro-dos-oliveiras-bairros-itapema-com-garagem-67m2-venda-RS650000-id-2710639195/,"APARTAMENTO EM ITAPEMA, COM 02 DORMS, PRONTO!!! TABULEIRO OLIVEIRAS",Tabuleiro dos Oliveiras,2,67,650000.0,9701.492537313432,350.0,500.0,10,447.5,0.34444444444444444,12467.702950475039,21236.654025642478,32234.20700320734,45507.11576923389,9528.558197180459,16896.918692148916,25789.7675653867,792500.0,0.012023417283508465,0.021321033050030178,0.0325422934579012,46.90204258177746,0.14678899082568808,False,Nei Costa
2736890576,https://www.vivareal.com.br/imovel/apartamento-2-quartos-tabuleiro-dos-oliveiras-bairros-itapema-63m2-venda-RS650000-id-2736890576/,"Apartamento à venda, Tabuleiro dos Oliveiras, Itapema, SC",Tabuleiro dos Oliveiras,2,63,650000.0,10317.460317460318,320.0,900.0,10,447.5,0.34444444444444444,12467.702950475039,21236.654025642478,32234.20700320734,45507.11576923389,9488.558197180459,16856.918692148916,25749.7675653867,792500.0,0.011972944097388591,0.021270559863910306,0.032491820271781324,47.01333704416013,0.22477064220183487,False,OCASIAO ASSESSORIA E EMPREENDIMENTOS IMOBILIARIOS LTDA - EPP
2656027791,https://www.vivareal.com.br/imovel/apartamento-2-quartos-meia-praia-bairros-itapema-com-garagem-65m2-venda-RS650000-id-2656027791/,EXCELENTE OPORTUNIDADE DE INVESTIMENTO EM MEIA PRA,Meia Praia,2,65,650000.0,10000.0,400.0,1083.0,90,450.0,0.34444444444444444,13117.121211723272,22342.82979730197,33913.2237994762,47877.49242278994,9086.695964192317,16838.859945649056,26194.919923269255,792500.0,0.011465862415384626,0.021247772802080827,0.033053526717058995,47.06375624941115,0.17012448132780084,False,Scheeren & Silveira Imobiliaria LTDA
2736815025,https://www.vivareal.com.br/imovel/apartamento-2-quartos-morretes-bairros-itapema-com-garagem-66m2-venda-RS568608-id-2736815025/,"Apartamento com 2 dormitórios à venda, 66 m² por R$ 568.608,00 - Morretes - Itapema/SC",Morretes,2,66,568608.0,8615.272727272728,350.0,850.0,38,449.25,0.27222222222222225,11578.130571871769,19721.41574075491,29934.291749360138,42260.17658733196,8163.348546305788,15005.975472071292,23264.31831351241,707038.4,0.011545834775460269,0.021223706480540932,0.03290389646943138,47.117123529617956,0.1280310378273521,False,Winner Brokers
2720737135,https://www.vivareal.com.br/imovel/apartamento-2-quartos-morretes-bairros-itapema-com-garagem-64m2-venda-RS650000-id-2720737135/,"Apartamento venda, 64 m², 2 quartos sendo uma suíte, em Morretes - Itapema - SC",Morretes,2,64,650000.0,10156.25,220.0,620.0,38,449.25,0.27222222222222225,11578.130571871769,19721.41574075491,29934.291749360138,42260.17658733196,9953.348546305788,16795.97547207129,25054.31831351241,792500.0,0.012559430342341688,0.021193659901667244,0.03161428178361187,47.18392220313647,0.2827352085354025,False,Airton Investimentos Imobiliários Itapema
2618380272,https://www.vivareal.com.br/imovel/apartamento-2-quartos-morretes-bairros-itapema-com-garagem-70m2-venda-RS590000-id-2618380272/,apartamento a venda de 2 quartos em itapema - santa catarina,Morretes,2,70,590000.0,8428.57142857143,300.0,1000.0,38,449.25,0.27222222222222225,11578.130571871769,19721.41574075491,29934.291749360138,42260.17658733196,8613.348546305788,15455.975472071292,23714.31831351241,729500.0,0.011807194717348578,0.0211870808390285,0.032507633054849085,47.19857386667023,0.11299709020368574,False,PB IMÓVEIS EXCLUSIVOS
2714533420,https://www.vivareal.com.br/imovel/apartamento-2-quartos-morretes-bairros-itapema-com-garagem-53m2-venda-RS571143-id-2714533420/,Apartamento de 2 Dormitórios | Morretes | Itapema,Morretes,2,53,571143.0,10776.283018867925,350.0,850.0,38,449.25,0.27222222222222225,11578.130571871769,19721.41574075491,29934.291749360138,42260.17658733196,8163.348546305788,15005.975472071292,23264.31831351241,709700.15,0.011502531803474731,0.02114410638362031,0.0327804894975891,47.29450286793248,0.35984481086323955,False,Boulevard Imob
2763593920,https://www.vivareal.com.br/imovel/apartamento-2-quartos-morretes-bairros-itapema-com-garagem-53m2-venda-RS572070-id-2763593920/,Imóvel para venda possui 53 metros quadrados com 2 quartos em Morretes - Itapema - SC,Morretes,2,53,572070.0,10793.77358490566,350.0,850.0,38,449.25,0.27222222222222225,11578.130571871769,19721.41574075491,29934.291749360138,42260.17658733196,8163.348546305788,15005.975472071292,23264.31831351241,710673.5,0.01148677774858045,0.021115147071153337,0.03273559280529302,47.359367028333885,0.36372453928225024,False,C.A NEGÓCIOS IMOBILIÁRIOS
2767583935,https://www.vivareal.com.br/imovel/apartamento-2-quartos-morretes-bairros-itapema-com-garagem-56m2-venda-RS600000-id-2767583935/,"Apartamento de 02 quartos a venda, Morretes, Itapema-sc",Morretes,2,56,600000.0,10714.285714285714,300.0,850.0,38,449.25,0.27222222222222225,11578.130571871769,19721.41574075491,29934.291749360138,42260.17658733196,8763.348546305788,15605.975472071292,23864.31831351241,740000.0,0.011842362900413227,0.021089156043339583,0.03224907880204379,47.41773440079515,0.3457807953443259,False,HRM Imóveis
2713980062,https://www.vivareal.com.br/imovel/apartamento-2-quartos-centro-bairros-itapema-com-garagem-65m2-venda-RS575712-id-2713980062/,APARTAMENTO 02 DORMITÓRIOS Morretes - ITAPEMA | SC,Morretes,2,65,575712.0,8857.107692307693,350.0,850.0,38,449.25,0.27222222222222225,11578.130571871769,19721.41574075491,29934.291749360138,42260.17658733196,8163.348546305788,15005.975472071292,23264.31831351241,714497.6,0.01142529876420269,0.021002135587399162,0.032560386925739725,47.61420550965203,0.14645974781765275,False,Eraci Eponina Jaques de Oliveira
2740369413,https://www.vivareal.com.br/imovel/apartamento-2-quartos-morretes-bairros-itapema-com-garagem-53m2-venda-RS576431-id-2740369413/,apartamento a venda de 2 quartos em itapema - santa catarina,Morretes,2,53,576431.0,10876.056603773584,350.0,850.0,38,449.25,0.27222222222222225,11578.130571871769,19721.41574075491,29934.291749360138,42260.17658733196,8163.348546305788,15005.975472071292,23264.31831351241,715252.55,0.011413239346445933,0.020979967805876805,0.03252601939484509,47.66451546793533,0.3773035887487876,False,PB IMÓVEIS EXCLUSIVOS
2682578658,https://www.vivareal.com.br/imovel/apartamento-2-quartos-morretes-bairros-itapema-com-garagem-74m2-venda-RS620000-id-2682578658/,"APTOS EM ITAPEMA COM 02 DORMS., FINANCIAVEL!!! Morretes",Morretes,2,74,620000.0,8378.378378378378,300.0,500.0,38,449.25,0.27222222222222225,11578.130571871769,19721.41574075491,29934.291749360138,42260.17658733196,9113.348546305788,15955.975472071292,24214.31831351241,761000.0,0.011975490862425477,0.020967116257649528,0.03181907794154062,47.69373087418093,0.10572259941804074,False,Nei Costa
2565205406,https://www.vivareal.com.br/imovel/apartamento-2-quartos-morretes-bairros-itapema-com-garagem-70m2-venda-RS620000-id-2565205406/,"Apartamento com 02 dorms, 02 vagas, 650m mar!!! Morretes",Morretes,2,70,620000.0,8857.142857142857,300.0,500.0,38,449.25,0.27222222222222225,11578.130571871769,19721.41574075491,29934.291749360138,42260.17658733196,9113.348546305788,15955.975472071292,24214.31831351241,761000.0,0.011975490862425477,0.020967116257649528,0.03181907794154062,47.69373087418093,0.15082444228903977,False,Nei Costa
2565059371,https://www.vivareal.com.br/imovel/apartamento-2-quartos-morretes-bairros-itapema-com-garagem-70m2-venda-RS620000-id-2565059371/,"Apartamento com 02 dorms, 02 vagas, 650m mar!!! Morretes",Morretes,2,70,620000.0,8857.142857142857,300.0,500.0,38,449.25,0.27222222222222225,11578.130571871769,19721.41574075491,29934.291749360138,42260.17658733196,9113.348546305788,15955.975472071292,24214.31831351241,761000.0,0.011975490862425477,0.020967116257649528,0.03181907794154062,47.69373087418093,0.15082444228903977,False,Nei Costa
2564695181,https://www.vivareal.com.br/imovel/apartamento-2-quartos-morretes-bairros-itapema-com-garagem-70m2-venda-RS620000-id-2564695181/,"Apartamento com 02 dorms, 02 vagas, 650m mar!!! Morretes",Morretes,2,70,620000.0,8857.142857142857,300.0,500.0,38,449.25,0.27222222222222225,11578.130571871769,19721.41574075491,29934.291749360138,42260.17658733196,9113.348546305788,15955.975472071292,24214.31831351241,761000.0,0.011975490862425477,0.020967116257649528,0.03181907794154062,47.69373087418093,0.15082444228903977,False,Nei Costa
2560637625,https://www.vivareal.com.br/imovel/apartamento-2-quartos-morretes-bairros-itapema-com-garagem-74m2-venda-RS620000-id-2560637625/,"Aptos em Itapema com 02 dorms, sendo 01 suíte!!! Morretes",Morretes,2,74,620000.0,8378.378378378378,300.0,500.0,38,449.25,0.27222222222222225,11578.130571871769,19721.41574075491,29934.291749360138,42260.17658733196,9113.348546305788,15955.975472071292,24214.31831351241,761000.0,0.011975490862425477,0.020967116257649528,0.03181907794154062,47.69373087418093,0.10572259941804074,False,Nei Costa
2560635244,https://www.vivareal.com.br/imovel/apartamento-2-quartos-morretes-bairros-itapema-com-garagem-74m2-venda-RS620000-id-2560635244/,"Aptos em Itapema com 02 dorms, sendo 01 suíte!!! Morretes",Morretes,2,74,620000.0,8378.378378378378,300.0,500.0,38,449.25,0.27222222222222225,11578.130571871769,19721.41574075491,29934.291749360138,42260.17658733196,9113.348546305788,15955.975472071292,24214.31831351241,761000.0,0.011975490862425477,0.020967116257649528,0.03181907794154062,47.69373087418093,0.10572259941804074,False,Nei Costa
2564619313,https://www.vivareal.com.br/imovel/apartamento-2-quartos-morretes-bairros-itapema-com-garagem-70m2-venda-RS620000-id-2564619313/,"Apartamento com 02 dorms, 02 vagas, 650m mar!!! Morretes",Morretes,2,70,620000.0,8857.142857142857,300.0,500.0,38,449.25,0.27222222222222225,11578.130571871769,19721.41574075491,29934.291749360138,42260.17658733196,9113.348546305788,15955.975472071292,24214.31831351241,761000.0,0.011975490862425477,0.020967116257649528,0.03181907794154062,47.69373087418093,0.15082444228903977,False,Nei Costa
2561691788,https://www.vivareal.com.br/imovel/apartamento-2-quartos-morretes-bairros-itapema-com-garagem-74m2-venda-RS620000-id-2561691788/,"Aptos em Itapema com 02 dorms, sendo 01 suíte!!! Morretes",Morretes,2,74,620000.0,8378.378378378378,300.0,500.0,38,449.25,0.27222222222222225,11578.130571871769,19721.41574075491,29934.291749360138,42260.17658733196,9113.348546305788,15955.975472071292,24214.31831351241,761000.0,0.011975490862425477,0.020967116257649528,0.03181907794154062,47.69373087418093,0.10572259941804074,False,Nei Costa
2560637084,https://www.vivareal.com.br/imovel/apartamento-2-quartos-morretes-bairros-itapema-com-garagem-74m2-venda-RS620000-id-2560637084/,"Aptos em Itapema com 02 dorms, sendo 01 suíte!!! Morretes",Morretes,2,74,620000.0,8378.378378378378,300.0,500.0,38,449.25,0.27222222222222225,11578.130571871769,19721.41574075491,29934.291749360138,42260.17658733196,9113.348546305788,15955.975472071292,24214.31831351241,761000.0,0.011975490862425477,0.020967116257649528,0.03181907794154062,47.69373087418093,0.10572259941804074,False,Nei Costa
2688743819,https://www.vivareal.com.br/imovel/apartamento-2-quartos-morretes-bairros-itapema-com-garagem-70m2-venda-RS620000-id-2688743819/,"Apartamento com 02 dorms, 02 vagas, 650m mar!!! Morretes",Morretes,2,70,620000.0,8857.142857142857,300.0,500.0,38,449.25,0.27222222222222225,11578.130571871769,19721.41574075491,29934.291749360138,42260.17658733196,9113.348546305788,15955.975472071292,24214.31831351241,761000.0,0.011975490862425477,0.020967116257649528,0.03181907794154062,47.69373087418093,0.15082444228903977,False,Nei Costa
2560637511,https://www.vivareal.com.br/imovel/apartamento-2-quartos-morretes-bairros-itapema-com-garagem-74m2-venda-RS620000-id-2560637511/,"Aptos em Itapema com 02 dorms, sendo 01 suíte!!! Morretes",Morretes,2,74,620000.0,8378.378378378378,300.0,500.0,38,449.25,0.27222222222222225,11578.130571871769,19721.41574075491,29934.291749360138,42260.17658733196,9113.348546305788,15955.975472071292,24214.31831351241,761000.0,0.011975490862425477,0.020967116257649528,0.03181907794154062,47.69373087418093,0.10572259941804074,False,Nei Costa
2678337794,https://www.vivareal.com.br/imovel/apartamento-2-quartos-morretes-bairros-itapema-com-garagem-70m2-venda-RS620000-id-2678337794/,"Apartamento com 02 dorms, 02 vagas, 650m mar!!! Morretes",Morretes,2,70,620000.0,8857.142857142857,300.0,500.0,38,449.25,0.27222222222222225,11578.130571871769,19721.41574075491,29934.291749360138,42260.17658733196,9113.348546305788,15955.975472071292,24214.31831351241,761000.0,0.011975490862425477,0.020967116257649528,0.03181907794154062,47.69373087418093,0.15082444228903977,False,Nei Costa
2560637379,https://www.vivareal.com.br/imovel/apartamento-2-quartos-morretes-bairros-itapema-com-garagem-74m2-venda-RS620001-id-2560637379/,"Aptos em Itapema com 02 dorms, sendo 01 suíte!!! Morretes",Morretes,2,74,620001.0,8378.391891891892,300.0,500.0,38,449.25,0.27222222222222225,11578.130571871769,19721.41574075491,29934.291749360138,42260.17658733196,9113.348546305788,15955.975472071292,24214.31831351241,761001.05,0.011975474339103457,0.020967087328028378,0.03181903403879983,47.6937966802485,0.1096023278370514,False,Nei Costa
2560637277,https://www.vivareal.com.br/imovel/apartamento-2-quartos-morretes-bairros-itapema-com-garagem-74m2-venda-RS620002-id-2560637277/,"Aptos em Itapema com 02 dorms, sendo 01 suíte!!! Morretes",Morretes,2,74,620002.0,8378.405405405405,300.0,500.0,38,449.25,0.27222222222222225,11578.130571871769,19721.41574075491,29934.291749360138,42260.17658733196,9113.348546305788,15955.975472071292,24214.31831351241,761002.1,0.011975457815827036,0.020967058398487063,0.03181899013618019,47.69386248631606,0.11057225994180407,False,Nei Costa
2752640732,https://www.vivareal.com.br/imovel/apartamento-2-quartos-tabuleiro-dos-oliveiras-bairros-itapema-com-garagem-60m2-venda-RS650000-id-2752640732/,Aparamento à venda com 2 quartos em Tabuleiro dos Oliveiras - Itapema - SC,Tabuleiro dos Oliveiras,2,60,650000.0,10833.333333333334,350.0,800.0,10,447.5,0.34444444444444444,12467.702950475039,21236.654025642478,32234.20700320734,45507.11576923389,9228.558197180459,16596.918692148916,25489.7675653867,792500.0,0.01164486838760941,0.020942484154131125,0.03216374456200215,47.74982722394657,0.3256880733944954,False,PB IMÓVEIS
2646969728,https://www.vivareal.com.br/imovel/apartamento-2-quartos-morretes-bairros-itapema-com-garagem-72m2-venda-RS650000-id-2646969728/,GRAND PARK,Morretes,2,72,650000.0,9027.777777777777,220.0,850.0,38,449.25,0.27222222222222225,11578.130571871769,19721.41574075491,29934.291749360138,42260.17658733196,9723.348546305788,16565.97547207129,24824.31831351241,792500.0,0.012269209522152413,0.02090343908147797,0.0313240609634226,47.83901807268049,0.1629485935984481,False,Scheeren & Silveira Imobiliaria LTDA
2582079670,https://www.vivareal.com.br/imovel/apartamento-2-quartos-morretes-bairros-itapema-com-garagem-70m2-venda-RS600000-id-2582079670/,Apartamento à venda de 2 quartos em Itapema SC,Morretes,2,70,600000.0,8571.42857142857,299.0,1000.0,38,449.25,0.27222222222222225,11578.130571871769,19721.41574075491,29934.291749360138,42260.17658733196,8625.348546305788,15467.975472071292,23726.31831351241,740000.0,0.011655876413926741,0.020902669556853097,0.03206259231555731,47.84077924975582,0.12560620756547042,False,PB IMÓVEIS
2607855783,https://www.vivareal.com.br/imovel/apartamento-2-quartos-morretes-bairros-itapema-com-garagem-51m2-venda-RS580000-id-2607855783/,Itapema - Apartamento Padrão - Morretes,Morretes,2,51,580000.0,11372.549019607843,350.0,850.0,38,449.25,0.27222222222222225,11578.130571871769,19721.41574075491,29934.291749360138,42260.17658733196,8163.348546305788,15005.975472071292,23264.31831351241,719000.0,0.011353753193749356,0.020870619571726413,0.032356492786526296,47.91424598408702,0.451988360814743,False,Duo Imóveis
2770364939,https://www.vivareal.com.br/imovel/apartamento-2-quartos-morretes-bairros-itapema-com-garagem-60m2-venda-RS580000-id-2770364939/,Apartamento mobiliado pronto para morar,Morretes,2,60,580000.0,9666.666666666666,350.0,850.0,38,449.25,0.27222222222222225,11578.130571871769,19721.41574075491,29934.291749360138,42260.17658733196,8163.348546305788,15005.975472071292,23264.31831351241,719000.0,0.011353753193749356,0.020870619571726413,0.032356492786526296,47.91424598408702,0.21144519883608148,False,CONFIARI INVESTIMENTOS IMOBILIÁRIOS
2737846430,https://www.vivareal.com.br/imovel/apartamento-2-quartos-morretes-bairros-itapema-com-garagem-68m2-venda-RS599000-id-2737846430/,"APARTAMENTO COM 02 DORMS EM ITAPEMA, SEMI MOBILIADO, OPORTUNIDADE!!! Morretes",Morretes,2,68,599000.0,8808.823529411764,350.0,500.0,38,449.25,0.27222222222222225,11578.130571871769,19721.41574075491,29934.291749360138,42260.17658733196,8513.348546305788,15355.975472071292,23614.31831351241,738950.0,0.011520872246167924,0.020780804482131796,0.03195658476691577,48.12133239884153,0.13870029097963144,False,Nei Costa
2692570990,https://www.vivareal.com.br/imovel/apartamento-2-quartos-morretes-bairros-itapema-com-garagem-66m2-venda-RS585000-id-2692570990/,Imóvel em Morretes - Itapema: Apartamento 2 dormitórios com suíte e 66m² por R$ 585.000,Morretes,2,66,585000.0,8863.636363636364,350.0,850.0,38,449.25,0.27222222222222225,11578.130571871769,19721.41574075491,29934.291749360138,42260.17658733196,8163.348546305788,15005.975472071292,23264.31831351241,724250.0,0.01127145122030485,0.020719330993539925,0.03212194451296156,48.264106611926316,0.15518913676042678,False,Imobiliária Morada do Sol
2646970880,https://www.vivareal.com.br/imovel/apartamento-2-quartos-morretes-bairros-itapema-com-garagem-70m2-venda-RS650000-id-2646970880/,APARTAMENTO MOBILIADO NO MORRETES,Morretes,2,70,650000.0,9285.714285714286,265.0,460.0,38,449.25,0.27222222222222225,11578.130571871769,19721.41574075491,29934.291749360138,42260.17658733196,9573.348546305788,16415.97547207129,24674.31831351241,792500.0,0.012079935074202887,0.020714164633528445,0.03113478651547307,48.27614425644644,0.1755577109602328,False,Scheeren & Silveira Imobiliaria LTDA
2750109109,https://www.vivareal.com.br/imovel/apartamento-2-quartos-morretes-bairros-itapema-com-garagem-60m2-venda-RS586000-id-2750109109/,Apartamento de 2 quartos em Itapema com área de lazer completa,Morretes,2,60,586000.0,9766.666666666666,350.0,850.0,38,449.25,0.27222222222222225,11578.130571871769,19721.41574075491,29934.291749360138,42260.17658733196,8163.348546305788,15005.975472071292,23264.31831351241,725300.0,0.011255133801607317,0.02068933609826457,0.03207544231836813,48.334078737494174,0.22502424830261883,False,José Junior - Corretor de Imóveis
2764007014,https://www.vivareal.com.br/imovel/apartamento-1-quartos-meia-praia-bairros-itapema-com-garagem-43m2-venda-RS617000-id-2764007014/,Imóvel novo,Meia Praia,1,43,617000.0,14348.837209302326,600.0,590.0,15,480.0,0.35555555555555557,13216.084193628425,22511.39674314708,34169.084342276816,48238.707306743745,7292.635817908542,15103.286509325466,24529.933895518305,732850.0,0.00995106204258517,0.020608973881865954,0.0334719709292738,48.52255166764562,0.13392857142857142,False,Auxiliadora Predial - Menino de Deus A
2764007013,https://www.vivareal.com.br/imovel/apartamento-1-quartos-meia-praia-bairros-itapema-com-garagem-43m2-venda-RS617000-id-2764007013/,Imóvel novo,Meia Praia,1,43,617000.0,14348.837209302326,600.0,590.0,15,480.0,0.35555555555555557,13216.084193628425,22511.39674314708,34169.084342276816,48238.707306743745,7292.635817908542,15103.286509325466,24529.933895518305,732850.0,0.00995106204258517,0.020608973881865954,0.0334719709292738,48.52255166764562,0.13392857142857142,False,Auxiliadora Predial - Menino de Deus A
2574581774,https://www.vivareal.com.br/imovel/apartamento-2-quartos-morretes-bairros-itapema-com-garagem-74m2-venda-RS628000-id-2574581774/,APARTAMENTO 2 DORMITORIOS PRONTO PRA MORAR - Itapema - SC,Morretes,2,74,628000.0,8486.486486486487,300.0,600.0,38,449.25,0.27222222222222225,11578.130571871769,19721.41574075491,29934.291749360138,42260.17658733196,9013.348546305788,15855.975472071292,24114.31831351241,769400.0,0.011714775859508432,0.020608234302146207,0.03134171862946765,48.524293024747735,0.11639185257032007,False,LE ATIVA IMOVEIS
2608791592,https://www.vivareal.com.br/imovel/apartamento-2-quartos-meia-praia-bairros-itapema-com-garagem-70m2-venda-RS690000-id-2608791592/,Apartamento na praia 2 suítes 1 vaga de garagem em Itapema/SC,Meia Praia,2,70,690000.0,9857.142857142857,400.0,750.0,90,450.0,0.34444444444444444,13117.121211723272,22342.82979730197,33913.2237994762,47877.49242278994,9419.695964192317,17171.859945649056,26527.919923269255,834500.0,0.011287832191962032,0.02057742354182032,0.03178899930889066,48.59694888272382,0.16182572614107885,False,Airton Investimentos Imobiliários Itapema
2660940766,https://www.vivareal.com.br/imovel/apartamento-2-quartos-morretes-bairros-itapema-com-garagem-70m2-venda-RS590000-id-2660940766/,apartamento a venda de 2 quartos em itapema - santa catarina,Morretes,2,70,590000.0,8428.57142857143,350.0,850.0,38,449.25,0.27222222222222225,11578.130571871769,19721.41574075491,29934.291749360138,42260.17658733196,8163.348546305788,15005.975472071292,23264.31831351241,729500.0,0.01119033385374337,0.02057021997542329,0.03189077219124388,48.61396723976562,0.11299709020368574,False,PB IMÓVEIS EXCLUSIVOS
2744697119,https://www.vivareal.com.br/imovel/apartamento-2-quartos-morretes-bairros-itapema-com-garagem-69m2-venda-RS590000-id-2744697119/,SEU IMÓVEL EM ITAPEMA,Morretes,2,69,590000.0,8550.72463768116,350.0,850.0,38,449.25,0.27222222222222225,11578.130571871769,19721.41574075491,29934.291749360138,42260.17658733196,8163.348546305788,15005.975472071292,23264.31831351241,729500.0,0.01119033385374337,0.02057021997542329,0.03189077219124388,48.61396723976562,0.12269641125121242,False,Shalon Imóveis
2754168743,https://www.vivareal.com.br/imovel/apartamento-2-quartos-morretes-bairros-itapema-com-garagem-69m2-venda-RS594000-id-2754168743/,Apartamento em Morretes,Morretes,2,69,594000.0,8608.695652173914,350.0,850.0,38,449.25,0.27222222222222225,11578.130571871769,19721.41574075491,29934.291749360138,42260.17658733196,8163.348546305788,15005.975472071292,23264.31831351241,733700.0,0.011126275788886177,0.020452467591755882,0.03170821631935724,48.89385574203706,0.1270611057225994,False,Imóveis Crédito Real
2636803922,https://www.vivareal.com.br/imovel/apartamento-2-quartos-morretes-bairros-itapema-com-garagem-70m2-venda-RS615000-id-2636803922/,APTO 1SUITE 1DORM MORRETES ITAPEMA,Morretes,2,70,615000.0,8785.714285714286,350.0,400.0,38,449.25,0.27222222222222225,11578.130571871769,19721.41574075491,29934.291749360138,42260.17658733196,8613.348546305788,15455.975472071292,23714.31831351241,755750.0,0.011397087060940506,0.020451174954775112,0.03137852241285135,48.896946127122725,0.1367604267701261,False,Reggiori Imóveis
2721919538,https://www.vivareal.com.br/imovel/apartamento-2-quartos-meia-praia-bairros-itapema-com-garagem-70m2-venda-RS695000-id-2721919538/,Apartamento Vista Mar,Meia Praia,2,70,695000.0,9928.57142857143,430.0,500.0,90,450.0,0.34444444444444444,13117.121211723272,22342.82979730197,33913.2237994762,47877.49242278994,9309.695964192317,17061.859945649056,26417.919923269255,839750.0,0.011086270871321604,0.02031778499035315,0.03145926754780501,49.21796349724137,0.16597510373443983,False,Crédito Real | Bombinhas
2763479314,https://www.vivareal.com.br/imovel/apartamento-2-quartos-morretes-bairros-itapema-com-garagem-70m2-venda-RS599000-id-2763479314/,APARTAMENTO EM ITAPEMA,Morretes,2,70,599000.0,8557.142857142857,350.0,850.0,38,449.25,0.27222222222222225,11578.130571871769,19721.41574075491,29934.291749360138,42260.17658733196,8163.348546305788,15005.975472071292,23264.31831351241,738950.0,0.011047227209291275,0.020307159445255147,0.03148293973003912,49.24371636987636,0.12415130940834142,False,Crédito Real | Balneário Camboriú Centro
2754168917,https://www.vivareal.com.br/imovel/apartamento-2-quartos-morretes-bairros-itapema-com-garagem-71m2-venda-RS599000-id-2754168917/,Apartamento em Morretes,Morretes,2,71,599000.0,8436.61971830986,350.0,850.0,38,449.25,0.27222222222222225,11578.130571871769,19721.41574075491,29934.291749360138,42260.17658733196,8163.348546305788,15005.975472071292,23264.31831351241,738950.0,0.011047227209291275,0.020307159445255147,0.03148293973003912,49.24371636987636,0.11542192046556742,False,Imóveis Crédito Real
2734697721,https://www.vivareal.com.br/imovel/apartamento-2-quartos-morretes-bairros-itapema-com-garagem-70m2-venda-RS600000-id-2734697721/,APARTAMENTO PARA VENDA NO MORRETES,Morretes,2,70,600000.0,8571.42857142857,350.0,850.0,38,449.25,0.27222222222222225,11578.130571871769,19721.41574075491,29934.291749360138,42260.17658733196,8163.348546305788,15005.975472071292,23264.31831351241,740000.0,0.011031552089602416,0.020278345232528774,0.031438267991232983,49.31368849544422,0.12560620756547042,False,Scheeren & Silveira Imobiliaria LTDA
2692570767,https://www.vivareal.com.br/imovel/apartamento-2-quartos-morretes-bairros-itapema-com-garagem-64m2-venda-RS600000-id-2692570767/,Oportunidade que você esperava!,Morretes,2,64,600000.0,9375.0,350.0,850.0,38,449.25,0.27222222222222225,11578.130571871769,19721.41574075491,29934.291749360138,42260.17658733196,8163.348546305788,15005.975472071292,23264.31831351241,740000.0,0.011031552089602416,0.020278345232528774,0.031438267991232983,49.31368849544422,0.18089233753637246,False,Imobiliária Morada do Sol
2554913096,https://www.vivareal.com.br/imovel/apartamento-2-quartos-morretes-bairros-itapema-com-garagem-60m2-venda-RS600000-id-2554913096/,APARTAMENTO A VENDA MORRETES ITAPEMA - SC,Morretes,2,60,600000.0,10000.0,350.0,850.0,38,449.25,0.27222222222222225,11578.130571871769,19721.41574075491,29934.291749360138,42260.17658733196,8163.348546305788,15005.975472071292,23264.31831351241,740000.0,0.011031552089602416,0.020278345232528774,0.031438267991232983,49.31368849544422,0.25703200775945684,False,J.V Imóveis
2569455788,https://www.vivareal.com.br/imovel/apartamento-2-quartos-morretes-bairros-itapema-com-garagem-66m2-venda-RS600000-id-2569455788/,AP 2 DORM COM ÓTIMA VISTA DO MAR MORRETES ITAPEMA,Morretes,2,66,600000.0,9090.90909090909,350.0,850.0,38,449.25,0.27222222222222225,11578.130571871769,19721.41574075491,29934.291749360138,42260.17658733196,8163.348546305788,15005.975472071292,23264.31831351241,740000.0,0.011031552089602416,0.020278345232528774,0.031438267991232983,49.31368849544422,0.16488845780795344,False,Reggiori Imóveis
2699297477,https://www.vivareal.com.br/imovel/apartamento-2-quartos-morretes-bairros-itapema-com-garagem-60m2-venda-RS600000-id-2699297477/,"Apartamento para venda possui 60 metros quadrados com 2 quartos, sendo que 1 dos quartos é suite.",Morretes,2,60,600000.0,10000.0,350.0,850.0,38,449.25,0.27222222222222225,11578.130571871769,19721.41574075491,29934.291749360138,42260.17658733196,8163.348546305788,15005.975472071292,23264.31831351241,740000.0,0.011031552089602416,0.020278345232528774,0.031438267991232983,49.31368849544422,0.25703200775945684,False,Cristiano D. N. F. Ferreira
2732136113,https://www.vivareal.com.br/imovel/apartamento-2-quartos-morretes-bairros-itapema-com-garagem-70m2-venda-RS650000-id-2732136113/,"Apartamento com 2 dormitórios à venda, 70 m² por R$ 650.000,00 - Morretes - Itapema/SC",Morretes,2,70,650000.0,9285.714285714286,300.0,450.0,38,449.25,0.27222222222222225,11578.130571871769,19721.41574075491,29934.291749360138,42260.17658733196,9163.348546305788,16005.975472071292,24264.31831351241,792500.0,0.01156258491647418,0.020196814475799737,0.030617436357744363,49.51275861835647,0.1755577109602328,False,Winner Brokers
2634832363,https://www.vivareal.com.br/imovel/apartamento-2-quartos-tabuleiro-dos-oliveiras-bairros-itapema-com-garagem-68m2-venda-RS645000-id-2634832363/,APTO 1SUITES 1DORM 1VAGA ITAPEMA,Tabuleiro dos Oliveiras,2,68,645000.0,9485.29411764706,400.0,900.0,10,447.5,0.34444444444444444,12467.702950475039,21236.654025642478,32234.20700320734,45507.11576923389,8528.558197180459,15896.918692148916,24789.7675653867,787250.0,0.010833354331127925,0.020192973886502274,0.031489066453333374,49.52217566469675,0.13761467889908258,False,Reggiori Imóveis
2592527426,https://www.vivareal.com.br/imovel/apartamento-2-quartos-morretes-bairros-itapema-com-garagem-66m2-venda-RS630000-id-2592527426/,Apartamento para venda tem 66 metros quadrados com 2 quartos em Morretes - Itapema - SC,Morretes,2,66,630000.0,9545.454545454546,300.0,900.0,38,449.25,0.27222222222222225,11578.130571871769,19721.41574075491,29934.291749360138,42260.17658733196,8713.348546305788,15555.975472071292,23814.31831351241,771500.0,0.011294035704868163,0.020163286418757344,0.03086755452172704,49.59508977017398,0.2046556741028128,False,Airton Investimentos Imobiliários Itapema
2767584414,https://www.vivareal.com.br/imovel/apartamento-2-quartos-morretes-bairros-itapema-com-garagem-69m2-venda-RS604600-id-2767584414/,Apartamento de 02 dormitórios em Itapema-SC,Morretes,2,69,604600.0,8762.31884057971,350.0,850.0,38,449.25,0.27222222222222225,11578.130571871769,19721.41574075491,29934.291749360138,42260.17658733196,8163.348546305788,15005.975472071292,23264.31831351241,744830.0,0.010960015770452034,0.020146846222723697,0.031234400216844663,49.63556027305638,0.13579049466537343,False,HRM Imóveis
2750156630,https://www.vivareal.com.br/imovel/apartamento-3-quartos-meia-praia-bairros-itapema-com-garagem-90m2-venda-RS980000-id-2750156630/,Imóvel pronto para morar no coração da Meia Praia,Meia Praia,3,90,980000.0,10888.888888888889,390.0,890.0,201,690.0,0.3,16716.8871082036,28474.431040973457,43220.11854433471,61016.63794494313,13507.868797452214,23387.479424704256,35311.14742311189,1164000.0,0.011604698279598123,0.02009233627551912,0.030336037305078944,49.770220161924065,0.12469733656174334,False,CONFIARI INVESTIMENTOS IMOBILIÁRIOS
2751985350,https://www.vivareal.com.br/imovel/apartamento-2-quartos-tabuleiro-dos-oliveiras-bairros-itapema-com-garagem-60m2-venda-RS650000-id-2751985350/,Apartamento Semi Mobiliado no Tabuleiro,Tabuleiro dos Oliveiras,2,60,650000.0,10833.333333333334,400.0,900.0,10,447.5,0.34444444444444444,12467.702950475039,21236.654025642478,32234.20700320734,45507.11576923389,8528.558197180459,15896.918692148916,24789.7675653867,792500.0,0.01076158763051162,0.020059203397033334,0.03128046380490435,49.852428344581995,0.3256880733944954,False,CONFIARI INVESTIMENTOS IMOBILIÁRIOS
2763648542,https://www.vivareal.com.br/imovel/apartamento-2-quartos-tabuleiro-dos-oliveiras-bairros-itapema-com-garagem-63m2-venda-RS650000-id-2763648542/,APARTAMENTO MOBILIADO IDEAL PARA INVESTIMENTO,Tabuleiro dos Oliveiras,2,63,650000.0,10317.460317460318,400.0,900.0,10,447.5,0.34444444444444444,12467.702950475039,21236.654025642478,32234.20700320734,45507.11576923389,8528.558197180459,15896.918692148916,24789.7675653867,792500.0,0.01076158763051162,0.020059203397033334,0.03128046380490435,49.852428344581995,0.22477064220183487,False,REDE MOI
2766855228,https://www.vivareal.com.br/imovel/apartamento-2-quartos-tabuleiro-dos-oliveiras-bairros-itapema-com-garagem-69m2-venda-RS650800-id-2766855228/,"Ótimo Apartamento com 2 dormitórios à venda, 69 m² - Tabuleiro dos Oliveiras - Itapema/SC",Tabuleiro dos Oliveiras,2,69,650800.0,9431.884057971014,400.0,900.0,10,447.5,0.34444444444444444,12467.702950475039,21236.654025642478,32234.20700320734,45507.11576923389,8528.558197180459,15896.918692148916,24789.7675653867,793340.0,0.01075019310406693,0.020037964418974104,0.031247343592137926,49.90526877336364,0.12844036697247707,False,LANA NEGOCIOS IMOBILIARIOS LTDA
2770254037,https://www.vivareal.com.br/imovel/apartamento-2-quartos-tabuleiro-dos-oliveiras-bairros-itapema-com-garagem-60m2-venda-RS649340-id-2770254037/,Apartamento em 607 - Tabuleiro dos Oliveiras - Itapema/SC,Tabuleiro dos Oliveiras,2,60,649340.0,10822.333333333334,400.0,1000.0,10,447.5,0.34444444444444444,12467.702950475039,21236.654025642478,32234.20700320734,45507.11576923389,8428.558197180459,15796.918692148916,24689.7675653867,791807.0,0.010644712912591652,0.01995046607588581,0.03118154747986151,50.124142272981935,0.3119266055045872,False,USUÁRIO NEWCORE
2628487193,https://www.vivareal.com.br/imovel/apartamento-4-quartos-meia-praia-bairros-itapema-com-garagem-102m2-venda-RS1265000-id-2628487193/,"Home Club com 04 Dorm e 02 Vagas, na Meia Praia!",Meia Praia,4,102,1265000.0,12401.960784313726,950.0,3053.0,32,899.5,0.31666666666666665,25473.41639706081,43389.719262993574,65859.39530990097,92977.96984927195,14618.111906205693,29672.794857633642,47842.2397990122,1488250.0,0.009822349676603859,0.019938044587692688,0.0321466418941792,50.15536983086485,0.10209205020920502,False,CONFIARI INVESTIMENTOS IMOBILIÁRIOS
2757947057,https://www.vivareal.com.br/imovel/apartamento-3-quartos-meia-praia-bairros-itapema-com-garagem-67m2-venda-RS969000-id-2757947057/,APARTAMENTO - MEIA PRAIA - SC,Meia Praia,3,67,969000.0,14462.686567164179,418.0,1000.0,201,690.0,0.3,16716.8871082036,28474.431040973457,43220.11854433471,61016.63794494313,13061.868797452214,22941.479424704256,34865.14742311189,1152450.0,0.011334000431647546,0.019906702611570355,0.030253067311477193,50.234336620810865,0.45278450363196127,False,Paulo Roberto Leardi
2754281487,https://www.vivareal.com.br/imovel/apartamento-3-quartos-meia-praia-bairros-itapema-com-garagem-67m2-venda-RS969000-id-2754281487/,APARTAMENTO - MEIA PRAIA - SC,Meia Praia,3,67,969000.0,14462.686567164179,418.0,1000.0,201,690.0,0.3,16716.8871082036,28474.431040973457,43220.11854433471,61016.63794494313,13061.868797452214,22941.479424704256,34865.14742311189,1152450.0,0.011334000431647546,0.019906702611570355,0.030253067311477193,50.234336620810865,0.45278450363196127,False,Leardi Sao Jose 288 - CRECI: 54756F
2757878336,https://www.vivareal.com.br/imovel/apartamento-3-quartos-meia-praia-bairros-itapema-com-garagem-67m2-venda-RS969000-id-2757878336/,APARTAMENTO - MEIA PRAIA - SC,Meia Praia,3,67,969000.0,14462.686567164179,418.0,1000.0,201,690.0,0.3,16716.8871082036,28474.431040973457,43220.11854433471,61016.63794494313,13061.868797452214,22941.479424704256,34865.14742311189,1152450.0,0.011334000431647546,0.019906702611570355,0.030253067311477193,50.234336620810865,0.45278450363196127,False,Paulo Roberto Leardi
2752619294,https://www.vivareal.com.br/imovel/apartamento-2-quartos-morretes-bairros-itapema-com-garagem-60m2-venda-RS680000-id-2752619294/,APARTAMENTO 02 SUITES 01 VAGAS DE GARAGEM,Morretes,2,60,680000.0,11333.333333333334,250.0,700.0,38,449.25,0.27222222222222225,11578.130571871769,19721.41574075491,29934.291749360138,42260.17658733196,9513.348546305788,16355.975472071292,24614.31831351241,824000.0,0.011545325905710908,0.019849484796203024,0.02987174552610729,50.37914133626726,0.4384093113482056,False,Viviani Schmitt Luz
2769841736,https://www.vivareal.com.br/imovel/apartamento-2-quartos-tabuleiro-dos-oliveiras-bairros-itapema-com-garagem-66m2-venda-RS747830-id-2769841736/,Apartamento em Rua 600 - Tabuleiro dos Oliveiras - Itapema/SC,Tabuleiro dos Oliveiras,2,66,747830.0,11330.757575757576,250.0,850.0,10,447.5,0.34444444444444444,12467.702950475039,21236.654025642478,32234.20700320734,45507.11576923389,10378.558197180459,17746.918692148916,26639.7675653867,895221.5,0.011593285234079452,0.01982405325625995,0.029757738800270883,50.443770861250314,0.43119266055045874,False,USUÁRIO NEWCORE
2681523497,https://www.vivareal.com.br/imovel/apartamento-2-quartos-morretes-bairros-itapema-com-garagem-69m2-venda-RS660000-id-2681523497/,"Apto a venda, 69 m², 1 suíte + 1 dormitório, em Morretes - Itapema - SC",Morretes,2,69,660000.0,9565.217391304348,300.0,550.0,38,449.25,0.27222222222222225,11578.130571871769,19721.41574075491,29934.291749360138,42260.17658733196,9063.348546305788,15905.975472071292,24164.31831351241,803000.0,0.011286859958039587,0.01980818863271643,0.030092550826291916,50.48417190193446,0.2075654704170708,False,Airton Investimentos Imobiliários BC
2755058480,https://www.vivareal.com.br/imovel/apartamento-2-quartos-tabuleiro-dos-oliveiras-bairros-itapema-com-garagem-60m2-venda-RS660000-id-2755058480/,apartamento a venda de 2 quartos em itapema - santa catarina,Tabuleiro dos Oliveiras,2,60,660000.0,11000.0,400.0,900.0,10,447.5,0.34444444444444444,12467.702950475039,21236.654025642478,32234.20700320734,45507.11576923389,8528.558197180459,15896.918692148916,24789.7675653867,803000.0,0.010620869485903435,0.019796909952862908,0.030871441550917436,50.512933704352484,0.3623853211009174,False,PB IMÓVEIS
2767582386,https://www.vivareal.com.br/imovel/apartamento-2-quartos-tabuleiro-dos-oliveiras-bairros-itapema-com-garagem-70m2-venda-RS660000-id-2767582386/,Apartamento no bairro Taboleiro,Tabuleiro dos Oliveiras,2,70,660000.0,9428.57142857143,400.0,900.0,10,447.5,0.34444444444444444,12467.702950475039,21236.654025642478,32234.20700320734,45507.11576923389,8528.558197180459,15896.918692148916,24789.7675653867,803000.0,0.010620869485903435,0.019796909952862908,0.030871441550917436,50.512933704352484,0.11467889908256881,False,HRM Imóveis
2764220420,https://www.vivareal.com.br/imovel/apartamento-2-quartos-tabuleiro-dos-oliveiras-bairros-itapema-com-garagem-60m2-venda-RS660000-id-2764220420/,APARTAMENTO MOBILIADO EM ITAPEMA,Tabuleiro dos Oliveiras,2,60,660000.0,11000.0,400.0,900.0,10,447.5,0.34444444444444444,12467.702950475039,21236.654025642478,32234.20700320734,45507.11576923389,8528.558197180459,15896.918692148916,24789.7675653867,803000.0,0.010620869485903435,0.019796909952862908,0.030871441550917436,50.512933704352484,0.3623853211009174,False,Galaxy Investimentos Imobiliários
2758628225,https://www.vivareal.com.br/imovel/apartamento-2-quartos-tabuleiro-dos-oliveiras-bairros-itapema-com-garagem-61m2-venda-RS660000-id-2758628225/,"Apartamento com dois dormitórios sendo 1 suíte, 1 vaga de garagem em Itapema, Taboleiro das Oliveira",Tabuleiro dos Oliveiras,2,61,660000.0,10819.672131147541,400.0,900.0,10,447.5,0.34444444444444444,12467.702950475039,21236.654025642478,32234.20700320734,45507.11576923389,8528.558197180459,15896.918692148916,24789.7675653867,803000.0,0.010620869485903435,0.019796909952862908,0.030871441550917436,50.512933704352484,0.30275229357798167,False,Crédito Real | Itapema
2550758386,https://www.vivareal.com.br/imovel/apartamento-2-quartos-tabuleiro-dos-oliveiras-bairros-itapema-com-garagem-70m2-venda-RS660000-id-2550758386/,02 Dorm e 01 Vaga no Tabuleiro,Tabuleiro dos Oliveiras,2,70,660000.0,9428.57142857143,400.0,900.0,10,447.5,0.34444444444444444,12467.702950475039,21236.654025642478,32234.20700320734,45507.11576923389,8528.558197180459,15896.918692148916,24789.7675653867,803000.0,0.010620869485903435,0.019796909952862908,0.030871441550917436,50.512933704352484,0.11467889908256881,False,CONFIARI INVESTIMENTOS IMOBILIÁRIOS
2760419235,https://www.vivareal.com.br/imovel/apartamento-2-quartos-tabuleiro-dos-oliveiras-bairros-itapema-com-garagem-62m2-venda-RS660000-id-2760419235/,Apartamento em Taboleiro dos Oliveiras,Tabuleiro dos Oliveiras,2,62,660000.0,10645.161290322581,400.0,900.0,10,447.5,0.34444444444444444,12467.702950475039,21236.654025642478,32234.20700320734,45507.11576923389,8528.558197180459,15896.918692148916,24789.7675653867,803000.0,0.010620869485903435,0.019796909952862908,0.030871441550917436,50.512933704352484,0.25688073394495414,False,Imóveis Crédito Real
2740324799,https://www.vivareal.com.br/imovel/apartamento-2-quartos-morretes-bairros-itapema-com-garagem-70m2-venda-RS650000-id-2740324799/,apartamento a venda de 2 quartos em itapema - santa catarina,Morretes,2,70,650000.0,9285.714285714286,300.0,800.0,38,449.25,0.27222222222222225,11578.130571871769,19721.41574075491,29934.291749360138,42260.17658733196,8813.348546305788,15655.975472071292,23914.31831351241,792500.0,0.011120944537925285,0.01975517409725084,0.03017579597919547,50.619650076339326,0.1755577109602328,False,PB IMÓVEIS EXCLUSIVOS
2760744013,https://www.vivareal.com.br/imovel/apartamento-2-quartos-meia-praia-bairros-itapema-com-garagem-67m2-venda-RS649220-id-2760744013/,Apartamento em Rua Canoinhas - Meia Praia - Itapema/SC,Meia Praia,2,67,649220.0,9689.850746268658,500.0,1083.0,90,450.0,0.34444444444444444,13117.121211723272,22342.82979730197,33913.2237994762,47877.49242278994,7886.695964192317,15638.859945649056,24994.919923269255,791681.0,0.009961961906616827,0.019753991753811265,0.031571958810770066,50.62267983416888,0.14522821576763487,False,USUÁRIO NEWCORE
2720583348,https://www.vivareal.com.br/imovel/apartamento-2-quartos-morretes-bairros-itapema-com-garagem-65m2-venda-RS620000-id-2720583348/,APARTAMENTO 02 DORMITÓRIOS E 01 VAGA EM ITAPEMA,Morretes,2,65,620000.0,9538.461538461539,350.0,850.0,38,449.25,0.27222222222222225,11578.130571871769,19721.41574075491,29934.291749360138,42260.17658733196,8163.348546305788,15005.975472071292,23264.31831351241,761000.0,0.010727133437983953,0.019718758833208005,0.030570720517099092,50.71313100680142,0.20271580989330748,False,Eraci Eponina Jaques de Oliveira
2753205894,https://www.vivareal.com.br/imovel/apartamento-2-quartos-morretes-bairros-itapema-com-garagem-70m2-venda-RS620000-id-2753205894/,Investimento no Morretes Itapema,Morretes,2,70,620000.0,8857.142857142857,350.0,850.0,38,449.25,0.27222222222222225,11578.130571871769,19721.41574075491,29934.291749360138,42260.17658733196,8163.348546305788,15005.975472071292,23264.31831351241,761000.0,0.010727133437983953,0.019718758833208005,0.030570720517099092,50.71313100680142,0.15082444228903977,False,CONFIARI INVESTIMENTOS IMOBILIÁRIOS
2692570769,https://www.vivareal.com.br/imovel/apartamento-2-quartos-morretes-bairros-itapema-com-garagem-74m2-venda-RS620000-id-2692570769/,"Apartamento em Morretes - Itapema: 2 quartos, 1 suíte, 74m² por R$620 mil - venda",Morretes,2,74,620000.0,8378.378378378378,350.0,850.0,38,449.25,0.27222222222222225,11578.130571871769,19721.41574075491,29934.291749360138,42260.17658733196,8163.348546305788,15005.975472071292,23264.31831351241,761000.0,0.010727133437983953,0.019718758833208005,0.030570720517099092,50.71313100680142,0.10572259941804074,False,Imobiliária Morada do Sol
2750289675,https://www.vivareal.com.br/imovel/apartamento-2-quartos-morretes-bairros-itapema-com-garagem-70m2-venda-RS620000-id-2750289675/,Apartamento de 2 suítes e área de lazer no rooftop,Morretes,2,70,620000.0,8857.142857142857,350.0,850.0,38,449.25,0.27222222222222225,11578.130571871769,19721.41574075491,29934.291749360138,42260.17658733196,8163.348546305788,15005.975472071292,23264.31831351241,761000.0,0.010727133437983953,0.019718758833208005,0.030570720517099092,50.71313100680142,0.15082444228903977,False,José Junior - Corretor de Imóveis
2617107696,https://www.vivareal.com.br/imovel/apartamento-2-quartos-morretes-bairros-itapema-com-garagem-64m2-venda-RS620000-id-2617107696/,Apartamento com sacada gourmet,Morretes,2,64,620000.0,9687.5,350.0,850.0,38,449.25,0.27222222222222225,11578.130571871769,19721.41574075491,29934.291749360138,42260.17658733196,8163.348546305788,15005.975472071292,23264.31831351241,761000.0,0.010727133437983953,0.019718758833208005,0.030570720517099092,50.71313100680142,0.2133850630455868,False,CONFIARI INVESTIMENTOS IMOBILIÁRIOS
2769854623,https://www.vivareal.com.br/imovel/apartamento-2-quartos-tabuleiro-dos-oliveiras-bairros-itapema-com-garagem-69m2-venda-RS721450-id-2769854623/,Apartamento em Rua 600 - Tabuleiro dos Oliveiras - Itapema/SC,Tabuleiro dos Oliveiras,2,69,721450.0,10455.797101449276,300.0,900.0,10,447.5,0.34444444444444444,12467.702950475039,21236.654025642478,32234.20700320734,45507.11576923389,9728.558197180459,17096.918692148916,25989.7675653867,867522.5,0.011214185450153118,0.019707752469992325,0.029958609218074115,50.74145321860689,0.23853211009174313,False,USUÁRIO NEWCORE
2767584326,https://www.vivareal.com.br/imovel/apartamento-2-quartos-morretes-bairros-itapema-com-garagem-62m2-venda-RS622100-id-2767584326/,Apartamento no bairro Morretes,Morretes,2,62,622100.0,10033.870967741936,350.0,850.0,38,449.25,0.27222222222222225,11578.130571871769,19721.41574075491,29934.291749360138,42260.17658733196,8163.348546305788,15005.975472071292,23264.31831351241,763205.0,0.010696141333332182,0.01966178873575421,0.03048239766971182,50.860072470493925,0.26479146459747815,False,HRM Imóveis
2662034417,https://www.vivareal.com.br/imovel/apartamento-2-quartos-morretes-bairros-itapema-com-garagem-70m2-venda-RS630000-id-2662034417/,Apartamento à venda de 2 quartos em Itapema SC,Morretes,2,70,630000.0,9000.0,350.0,700.0,38,449.25,0.27222222222222225,11578.130571871769,19721.41574075491,29934.291749360138,42260.17658733196,8313.348546305788,15155.975472071292,23414.31831351241,771500.0,0.010775565192878532,0.019644815906767716,0.030349084009737407,50.904014817237176,0.1614936954413191,False,PB IMÓVEIS
2769841525,https://www.vivareal.com.br/imovel/apartamento-2-quartos-morretes-bairros-itapema-com-garagem-65m2-venda-RS633390-id-2769841525/,Apartamento em Rua 420 - Morretes - Itapema/SC,Morretes,2,65,633390.0,9744.461538461539,350.0,650.0,38,449.25,0.27222222222222225,11578.130571871769,19721.41574075491,29934.291749360138,42260.17658733196,8363.348546305788,15205.975472071292,23464.31831351241,775059.5,0.01079058904033276,0.01961910727121117,0.030274215480891997,50.970718808770044,0.22308438409311349,False,USUÁRIO NEWCORE
2556840751,https://www.vivareal.com.br/imovel/apartamento-2-quartos-morretes-bairros-itapema-com-garagem-70m2-venda-RS624000-id-2556840751/,"Apartamento à venda, 2 quartos, 1 suíte, 1 vaga, Morretes - Itapema/SC",Morretes,2,70,624000.0,8914.285714285714,350.0,850.0,38,449.25,0.27222222222222225,11578.130571871769,19721.41574075491,29934.291749360138,42260.17658733196,8163.348546305788,15005.975472071292,23264.31831351241,765200.0,0.010668254765167,0.01961052727662218,0.030402925135274973,50.99301950907286,0.15809893307468478,False,Fluence Imóveis
2740881426,https://www.vivareal.com.br/imovel/apartamento-2-quartos-meia-praia-bairros-itapema-com-garagem-61m2-venda-RS625652-id-2740881426/,Apartamento 2 suítes em Morretes-Itapema-SC,Morretes,2,61,625652.0,10256.590163934427,350.0,850.0,38,449.25,0.27222222222222225,11578.130571871769,19721.41574075491,29934.291749360138,42260.17658733196,8163.348546305788,15005.975472071292,23264.31831351241,766934.6,0.010644126039307377,0.019566173533012193,0.03033416188748351,51.10861346051096,0.2938894277400582,False,Crédito Real | Continente
2754164490,https://www.vivareal.com.br/imovel/apartamento-2-quartos-meia-praia-bairros-itapema-com-garagem-62m2-venda-RS625652-id-2754164490/,Apartamento em Meia Praia,Morretes,2,62,625652.0,10091.161290322581,350.0,850.0,38,449.25,0.27222222222222225,11578.130571871769,19721.41574075491,29934.291749360138,42260.17658733196,8163.348546305788,15005.975472071292,23264.31831351241,766934.6,0.010644126039307377,0.019566173533012193,0.03033416188748351,51.10861346051096,0.26867119301648884,False,Imóveis Crédito Real
2754169610,https://www.vivareal.com.br/imovel/apartamento-2-quartos-meia-praia-bairros-itapema-com-garagem-70m2-venda-RS626113-id-2754169610/,Apartamento em Meia Praia,Morretes,2,70,626113.0,8944.471428571429,350.0,850.0,38,449.25,0.27222222222222225,11578.130571871769,19721.41574075491,29934.291749360138,42260.17658733196,8163.348546305788,15005.975472071292,23264.31831351241,767418.65,0.01063741224728613,0.01955383215155286,0.030315028587736836,51.14087061039775,0.15906886517943744,False,Imóveis Crédito Real
2692570985,https://www.vivareal.com.br/imovel/apartamento-2-quartos-morretes-bairros-itapema-com-garagem-63m2-venda-RS655500-id-2692570985/,Apartamento em Morretes - Itapema,Morretes,2,63,655500.0,10404.761904761905,300.0,850.0,38,449.25,0.27222222222222225,11578.130571871769,19721.41574075491,29934.291749360138,42260.17658733196,8763.348546305788,15605.975472071292,23864.31831351241,798275.0,0.010977856686362203,0.019549623215146774,0.029894858680921246,51.15188098485776,0.3084384093113482,False,Imobiliária Morada do Sol
2770103863,https://www.vivareal.com.br/imovel/apartamento-2-quartos-morretes-bairros-itapema-com-garagem-68m2-venda-RS640200-id-2770103863/,Apartamento em Rua 410 - Morretes - Itapema/SC,Morretes,2,68,640200.0,9414.70588235294,350.0,600.0,38,449.25,0.27222222222222225,11578.130571871769,19721.41574075491,29934.291749360138,42260.17658733196,8413.348546305788,15255.975472071292,23514.31831351241,782210.0,0.010755869327042339,0.019503682479220786,0.030061388007712006,51.272368747050706,0.18622696411251213,False,USUÁRIO NEWCORE
2740319593,https://www.vivareal.com.br/imovel/apartamento-2-quartos-morretes-bairros-itapema-com-garagem-70m2-venda-RS660000-id-2740319593/,apartamento a venda de 2 quartos em itapema - santa catarina,Morretes,2,70,660000.0,9428.57142857143,300.0,800.0,38,449.25,0.27222222222222225,11578.130571871769,19721.41574075491,29934.291749360138,42260.17658733196,8813.348546305788,15655.975472071292,23914.31831351241,803000.0,0.01097552745492626,0.019496856129603102,0.029781218323178593,51.29032051899114,0.19495635305528614,False,PB IMÓVEIS EXCLUSIVOS
2766852434,https://www.vivareal.com.br/imovel/apartamento-2-quartos-morretes-bairros-itapema-com-garagem-70m2-venda-RS628800-id-2766852434/,"ÓTIMA OPÇÃO PARA INVESTIMENTO! Apartamento com 2 Suítes à venda, 70 m² Bairro Morretes - Itapema/SC",Morretes,2,70,628800.0,8982.857142857143,350.0,850.0,38,449.25,0.27222222222222225,11578.130571871769,19721.41574075491,29934.291749360138,42260.17658733196,8163.348546305788,15005.975472071292,23264.31831351241,770240.0,0.010598447946491727,0.01948220745750843,0.030203986177700988,51.328885711798584,0.1600387972841901,False,LANA NEGOCIOS IMOBILIARIOS LTDA
2747200733,https://www.vivareal.com.br/imovel/apartamento-2-quartos-morretes-bairros-itapema-com-garagem-59m2-venda-RS629000-id-2747200733/,Bow Bridge Residence,Morretes,2,59,629000.0,10661.016949152543,350.0,850.0,38,449.25,0.27222222222222225,11578.130571871769,19721.41574075491,29934.291749360138,42260.17658733196,8163.348546305788,15005.975472071292,23264.31831351241,770450.0,0.010595559148946445,0.019476897231580623,0.03019575353820807,51.34288013691216,0.33462657613967023,False,Korte Imóveis
2606898685,https://www.vivareal.com.br/imovel/apartamento-2-quartos-morretes-bairros-itapema-com-garagem-69m2-venda-RS630000-id-2606898685/,APARTAMENTO A VENDA EM ITAPEMA | 2 DORMITORIOS,Morretes,2,69,630000.0,9130.434782608696,350.0,850.0,38,449.25,0.27222222222222225,11578.130571871769,19721.41574075491,29934.291749360138,42260.17658733196,8163.348546305788,15005.975472071292,23264.31831351241,771500.0,0.01058113875088242,0.0194503894647716,0.030154657567741296,51.41285226248002,0.1658583899127061,False,Eraci Eponina Jaques de Oliveira
2723560696,https://www.vivareal.com.br/imovel/apartamento-2-quartos-morretes-bairros-itapema-com-garagem-70m2-venda-RS630000-id-2723560696/,Imóvel para venda com 70 metros quadrados com 2 quartos em Morretes - Itapema - SC,Morretes,2,70,630000.0,9000.0,350.0,850.0,38,449.25,0.27222222222222225,11578.130571871769,19721.41574075491,29934.291749360138,42260.17658733196,8163.348546305788,15005.975472071292,23264.31831351241,771500.0,0.01058113875088242,0.0194503894647716,0.030154657567741296,51.41285226248002,0.1614936954413191,False,Ocean Imóveis
2632683754,https://www.vivareal.com.br/imovel/apartamento-2-quartos-morretes-bairros-itapema-com-garagem-65m2-venda-RS600944-id-2632683754/,apartamento a venda de 2 quartos em itapema - santa catarina,Morretes,2,65,600944.0,9245.292307692307,380.0,1100.0,38,449.25,0.27222222222222225,11578.130571871769,19721.41574075491,29934.291749360138,42260.17658733196,7553.348546305788,14395.975472071292,22654.31831351241,740991.2000000001,0.010193573886310373,0.01942799789264878,0.03057299238305719,51.4721077038197,0.1687681862269641,False,PB IMÓVEIS EXCLUSIVOS
2646971356,https://www.vivareal.com.br/imovel/apartamento-2-quartos-morretes-bairros-itapema-com-garagem-68m2-venda-RS690000-id-2646971356/,APARTAMENTO SEMI MOBILIADO EM ITAPEMA,Morretes,2,68,690000.0,10147.058823529413,250.0,850.0,38,449.25,0.27222222222222225,11578.130571871769,19721.41574075491,29934.291749360138,42260.17658733196,9363.348546305788,16205.975472071292,24464.31831351241,834500.0,0.011220309821816403,0.019419982590858347,0.029316139381081376,51.49335203167146,0.27837051406401553,False,Scheeren & Silveira Imobiliaria LTDA
2766853228,https://www.vivareal.com.br/imovel/apartamento-2-quartos-morretes-bairros-itapema-com-garagem-70m2-venda-RS632800-id-2766853228/,"Apartamento com VISTA MAR e 2 Suítes à venda, 69 m² em Morretes, Itapema/SC",Morretes,2,70,632800.0,9040.0,350.0,850.0,38,449.25,0.27222222222222225,11578.130571871769,19721.41574075491,29934.291749360138,42260.17658733196,8163.348546305788,15005.975472071292,23264.31831351241,774440.0,0.010540969663635385,0.019376550116305062,0.03004018169711328,51.608774214070024,0.16391852570320078,False,LANA NEGOCIOS IMOBILIARIOS LTDA
2767924322,https://www.vivareal.com.br/imovel/apartamento-2-quartos-tabuleiro-dos-oliveiras-bairros-itapema-com-garagem-69m2-venda-RS677000-id-2767924322/,02 Suítes próx. Rodoviária de Itapema SC.,Tabuleiro dos Oliveiras,2,69,677000.0,9811.59420289855,400.0,900.0,10,447.5,0.34444444444444444,12467.702950475039,21236.654025642478,32234.20700320734,45507.11576923389,8528.558197180459,15896.918692148916,24789.7675653867,820850.0,0.010389910698885861,0.01936641127142464,0.030200118858971434,51.63579281596231,0.1559633027522936,False,Diego de Melo
2766854217,https://www.vivareal.com.br/imovel/apartamento-2-quartos-morretes-bairros-itapema-com-garagem-66m2-venda-RS634800-id-2766854217/,"ÓTIMA OPÇÃO DE INVESTIMENTO! Apartamento com 2 Suítes à venda, 65 m² em Morretes - Itapema/SC",Morretes,2,66,634800.0,9618.181818181818,350.0,850.0,38,449.25,0.27222222222222225,11578.130571871769,19721.41574075491,29934.291749360138,42260.17658733196,8163.348546305788,15005.975472071292,23264.31831351241,776540.0,0.010512463680307244,0.01932415004001248,0.02995894392241534,51.74871846520575,0.2104752667313288,False,LANA NEGOCIOS IMOBILIARIOS LTDA
2646971262,https://www.vivareal.com.br/imovel/apartamento-2-quartos-morretes-bairros-itapema-com-garagem-80m2-venda-RS690000-id-2646971262/,APARTAMENTO DIFERENCIADO NO MORRETES,Morretes,2,80,690000.0,8625.0,261.0,850.0,38,449.25,0.27222222222222225,11578.130571871769,19721.41574075491,29934.291749360138,42260.17658733196,9231.348546305788,16073.975472071292,24332.31831351241,834500.0,0.011062131271786445,0.01926180404082839,0.02915796083105142,51.916217083319125,0.12900096993210475,False,Scheeren & Silveira Imobiliaria LTDA
2762693718,https://www.vivareal.com.br/imovel/apartamento-2-quartos-jardim-praia-mar-bairros-itapema-com-garagem-60m2-venda-RS680000-id-2762693718/,"Edifício Armona Residence em Itapema, 2 quartos, 1 suítes, 1 vaga.",Morretes,2,60,680000.0,11333.333333333334,300.0,600.0,38,449.25,0.27222222222222225,11578.130571871769,19721.41574075491,29934.291749360138,42260.17658733196,9013.348546305788,15855.975472071292,24114.31831351241,824000.0,0.010938529789206054,0.01924268867969817,0.029264949409602437,51.96778977435942,0.4384093113482056,False,Nossa Casa Imóveis
2644817470,https://www.vivareal.com.br/imovel/apartamento-2-quartos-meia-praia-bairros-itapema-com-garagem-70m2-venda-RS670000-id-2644817470/,ITAPEMA - Padrão - Meia Praia,Meia Praia,2,70,670000.0,9571.42857142857,500.0,1083.0,90,450.0,0.34444444444444444,13117.121211723272,22342.82979730197,33913.2237994762,47877.49242278994,7886.695964192317,15638.859945649056,24994.919923269255,813500.0,0.009694770699683242,0.01922416711204555,0.03072516278213799,52.01785825995114,0.13278008298755187,False,Otto House
2758866719,https://www.vivareal.com.br/imovel/apartamento-2-quartos-morretes-bairros-itapema-com-garagem-66m2-venda-RS640000-id-2758866719/,Oportunidade! Apartamento com 2 suítes e lazer completo,Morretes,2,66,640000.0,9696.969696969696,350.0,850.0,38,449.25,0.27222222222222225,11578.130571871769,19721.41574075491,29934.291749360138,42260.17658733196,8163.348546305788,15005.975472071292,23264.31831351241,782000.0,0.010439064637219678,0.019189226946382726,0.02974976766433812,52.11257351815862,0.21532492725509214,False,José Junior - Corretor de Imóveis
2762266623,https://www.vivareal.com.br/imovel/apartamento-2-quartos-morretes-bairros-itapema-com-garagem-70m2-venda-RS641000-id-2762266623/,APARTAMENTO À VENDA,Morretes,2,70,641000.0,9157.142857142857,350.0,850.0,38,449.25,0.27222222222222225,11578.130571871769,19721.41574075491,29934.291749360138,42260.17658733196,8163.348546305788,15005.975472071292,23264.31831351241,783050.0,0.010425066785397851,0.019163495909675362,0.029709875887251654,52.18254564372648,0.16682832201745879,False,Duda Imóveis Criciúma
2740351936,https://www.vivareal.com.br/imovel/apartamento-2-quartos-morretes-bairros-itapema-com-garagem-70m2-venda-RS665000-id-2740351936/,apartamento a venda de 2 quartos em itapema - santa catarina,Morretes,2,70,665000.0,9500.0,310.0,850.0,38,449.25,0.27222222222222225,11578.130571871769,19721.41574075491,29934.291749360138,42260.17658733196,8643.348546305788,15485.975472071292,23744.31831351241,808250.0,0.01069390478973806,0.01915988304617543,0.029377443010841213,52.192385391392754,0.2002909796314258,False,PB IMÓVEIS EXCLUSIVOS
2736815021,https://www.vivareal.com.br/imovel/apartamento-2-quartos-morretes-bairros-itapema-com-garagem-69m2-venda-RS641186-id-2736815021/,"Apartamento com 2 dormitórios à venda, 69 m² por R$ 641.185,57 - Morretes - Itapema/SC",Morretes,2,69,641186.0,9292.550724637682,350.0,850.0,38,449.25,0.27222222222222225,11578.130571871769,19721.41574075491,29934.291749360138,42260.17658733196,8163.348546305788,15005.975472071292,23264.31831351241,783245.3,0.010422467324484153,0.019158717546177796,0.029702467813739076,52.1955604590821,0.17943743937924345,False,Winner Brokers
2607405985,https://www.vivareal.com.br/imovel/apartamento-2-quartos-morretes-bairros-itapema-com-garagem-73m2-venda-RS645000-id-2607405985/,APARTAMENTO A VENDA EM ITAPEMA | 2 SUÍTES,Morretes,2,73,645000.0,8835.616438356165,350.0,850.0,38,449.25,0.27222222222222225,11578.130571871769,19721.41574075491,29934.291749360138,42260.17658733196,8163.348546305788,15005.975472071292,23264.31831351241,787250.0,0.010369448772697095,0.019061258141722822,0.029551372897443518,52.46243414599792,0.1454898157129001,False,Eraci Eponina Jaques de Oliveira
2674728179,https://www.vivareal.com.br/imovel/apartamento-2-quartos-morretes-bairros-itapema-com-garagem-62m2-venda-RS648000-id-2674728179/,"Apartamento 1 Quarto para Venda em Itapema, MORRETES, 2 dormitórios, 2 suítes, 1 banheiro, 1 vaga",Morretes,2,62,648000.0,10451.612903225807,350.0,850.0,38,449.25,0.27222222222222225,11578.130571871769,19721.41574075491,29934.291749360138,42260.17658733196,8163.348546305788,15005.975472071292,23264.31831351241,790400.0,0.010328123160811978,0.01898529285434121,0.02943360110515234,52.6723505227015,0.3171677982541222,False,INEZ JESUS NUNES LIMA
2756065918,https://www.vivareal.com.br/imovel/apartamento-2-quartos-morretes-bairros-itapema-com-garagem-68m2-venda-RS649000-id-2756065918/,"Apartamento com 2 dormitórios à venda, 68 m² por R$ 649.000,00 - Morretes - Itapema/SC",Morretes,2,68,649000.0,9544.117647058823,350.0,850.0,38,449.25,0.27222222222222225,11578.130571871769,19721.41574075491,29934.291749360138,42260.17658733196,8163.348546305788,15005.975472071292,23264.31831351241,791450.0,0.010314421057938958,0.018960105467270567,0.02939455216818802,52.74232264826936,0.20368574199806014,False,Winner Brokers
2747203995,https://www.vivareal.com.br/imovel/apartamento-2-quartos-morretes-bairros-itapema-com-garagem-66m2-venda-RS649000-id-2747203995/,Bow Bridge Residence,Morretes,2,66,649000.0,9833.333333333334,350.0,850.0,38,449.25,0.27222222222222225,11578.130571871769,19721.41574075491,29934.291749360138,42260.17658733196,8163.348546305788,15005.975472071292,23264.31831351241,791450.0,0.010314421057938958,0.018960105467270567,0.02939455216818802,52.74232264826936,0.22696411251212414,False,Korte Imóveis
2754169609,https://www.vivareal.com.br/imovel/apartamento-2-quartos-morretes-bairros-itapema-com-garagem-69m2-venda-RS649630-id-2754169609/,Apartamento em Morretes,Morretes,2,69,649630.0,9414.927536231884,350.0,850.0,38,449.25,0.27222222222222225,11578.130571871769,19721.41574075491,29934.291749360138,42260.17658733196,8163.348546305788,15005.975472071292,23264.31831351241,792111.5,0.010305807384826237,0.01894427169921317,0.029370004492438765,52.78640508737711,0.1871968962172648,False,Imóveis Crédito Real
2740881149,https://www.vivareal.com.br/imovel/apartamento-2-quartos-morretes-bairros-itapema-com-garagem-68m2-venda-RS649630-id-2740881149/,"Apartamento 2 suítes em Morretes, Itapema-SC",Morretes,2,68,649630.0,9553.382352941177,350.0,850.0,38,449.25,0.27222222222222225,11578.130571871769,19721.41574075491,29934.291749360138,42260.17658733196,8163.348546305788,15005.975472071292,23264.31831351241,792111.5,0.010305807384826237,0.01894427169921317,0.029370004492438765,52.78640508737711,0.20562560620756548,False,Crédito Real | Continente
2613519001,https://www.vivareal.com.br/imovel/apartamento-2-quartos-morretes-bairros-itapema-com-garagem-67m2-venda-RS650000-id-2613519001/,"Apartamento 2 dormitórios, Morretes, Itapema SC",Morretes,2,67,650000.0,9701.492537313432,350.0,850.0,38,449.25,0.27222222222222225,11578.130571871769,19721.41574075491,29934.291749360138,42260.17658733196,8163.348546305788,15005.975472071292,23264.31831351241,792500.0,0.010300755263477335,0.01893498482280289,0.02935560670474752,52.81229477383722,0.2162948593598448,False,Eraci Eponina Jaques de Oliveira
2747203008,https://www.vivareal.com.br/imovel/apartamento-2-quartos-morretes-bairros-itapema-com-garagem-70m2-venda-RS650000-id-2747203008/,Lummus Residence,Morretes,2,70,650000.0,9285.714285714286,350.0,850.0,38,449.25,0.27222222222222225,11578.130571871769,19721.41574075491,29934.291749360138,42260.17658733196,8163.348546305788,15005.975472071292,23264.31831351241,792500.0,0.010300755263477335,0.01893498482280289,0.02935560670474752,52.81229477383722,0.1755577109602328,False,Korte Imóveis
2701765503,https://www.vivareal.com.br/imovel/apartamento-2-quartos-morretes-bairros-itapema-com-garagem-70m2-venda-RS650000-id-2701765503/,Itapema - Apartamento Padrão - Morretes,Morretes,2,70,650000.0,9285.714285714286,350.0,850.0,38,449.25,0.27222222222222225,11578.130571871769,19721.41574075491,29934.291749360138,42260.17658733196,8163.348546305788,15005.975472071292,23264.31831351241,792500.0,0.010300755263477335,0.01893498482280289,0.02935560670474752,52.81229477383722,0.1755577109602328,False,Duo Imóveis
2621566522,https://www.vivareal.com.br/imovel/apartamento-2-quartos-morretes-bairros-itapema-com-garagem-70m2-venda-RS650000-id-2621566522/,APARTAMENTO A VENDA EM ITAPEMA | 2 DORMITORIOS,Morretes,2,70,650000.0,9285.714285714286,350.0,850.0,38,449.25,0.27222222222222225,11578.130571871769,19721.41574075491,29934.291749360138,42260.17658733196,8163.348546305788,15005.975472071292,23264.31831351241,792500.0,0.010300755263477335,0.01893498482280289,0.02935560670474752,52.81229477383722,0.1755577109602328,False,Eraci Eponina Jaques de Oliveira
2737430028,https://www.vivareal.com.br/imovel/apartamento-2-quartos-morretes-bairros-itapema-com-garagem-69m2-venda-RS650000-id-2737430028/,Grand House,Morretes,2,69,650000.0,9420.289855072464,350.0,850.0,38,449.25,0.27222222222222225,11578.130571871769,19721.41574075491,29934.291749360138,42260.17658733196,8163.348546305788,15005.975472071292,23264.31831351241,792500.0,0.010300755263477335,0.01893498482280289,0.02935560670474752,52.81229477383722,0.18962172647914646,False,MFG NEGOCIOS IMOBILIARIOS
2649967258,https://www.vivareal.com.br/imovel/apartamento-2-quartos-morretes-bairros-itapema-com-garagem-64m2-venda-RS650000-id-2649967258/,"Apartamento à venda, 2 quartos, 1 suíte, 2 vagas, Morretes - Itapema/SC",Morretes,2,64,650000.0,10156.25,350.0,850.0,38,449.25,0.27222222222222225,11578.130571871769,19721.41574075491,29934.291749360138,42260.17658733196,8163.348546305788,15005.975472071292,23264.31831351241,792500.0,0.010300755263477335,0.01893498482280289,0.02935560670474752,52.81229477383722,0.2827352085354025,False,Fluence Imóveis
2764632235,https://www.vivareal.com.br/imovel/apartamento-2-quartos-morretes-bairros-itapema-com-garagem-66m2-venda-RS650000-id-2764632235/,Apartamento no Edifício Residencial Conquest em Itapema com 66m² privativos,Morretes,2,66,650000.0,9848.484848484848,350.0,850.0,38,449.25,0.27222222222222225,11578.130571871769,19721.41574075491,29934.291749360138,42260.17658733196,8163.348546305788,15005.975472071292,23264.31831351241,792500.0,0.010300755263477335,0.01893498482280289,0.02935560670474752,52.81229477383722,0.23035887487875847,False,Imobille Negócios Imobiliários
2676663630,https://www.vivareal.com.br/imovel/apartamento-2-quartos-morretes-bairros-itapema-com-garagem-66m2-venda-RS650000-id-2676663630/,APARTAMENTO A VENDA EM ITAPEMA | 2 DORMITORIOS,Morretes,2,66,650000.0,9848.484848484848,350.0,850.0,38,449.25,0.27222222222222225,11578.130571871769,19721.41574075491,29934.291749360138,42260.17658733196,8163.348546305788,15005.975472071292,23264.31831351241,792500.0,0.010300755263477335,0.01893498482280289,0.02935560670474752,52.81229477383722,0.23035887487875847,False,Eraci Eponina Jaques de Oliveira
2721666437,https://www.vivareal.com.br/imovel/apartamento-2-quartos-morretes-bairros-itapema-com-garagem-64m2-venda-RS650000-id-2721666437/,Apartamento de 2 dorms no bairro morretes,Morretes,2,64,650000.0,10156.25,350.0,850.0,38,449.25,0.27222222222222225,11578.130571871769,19721.41574075491,29934.291749360138,42260.17658733196,8163.348546305788,15005.975472071292,23264.31831351241,792500.0,0.010300755263477335,0.01893498482280289,0.02935560670474752,52.81229477383722,0.2827352085354025,False,Gralha Imóveis Vendas
2598311479,https://www.vivareal.com.br/imovel/apartamento-2-quartos-morretes-bairros-itapema-com-garagem-70m2-venda-RS650000-id-2598311479/,APARTAMENTO A VENDA EM ITAPEMA | 2 SUÍTES,Morretes,2,70,650000.0,9285.714285714286,350.0,850.0,38,449.25,0.27222222222222225,11578.130571871769,19721.41574075491,29934.291749360138,42260.17658733196,8163.348546305788,15005.975472071292,23264.31831351241,792500.0,0.010300755263477335,0.01893498482280289,0.02935560670474752,52.81229477383722,0.1755577109602328,False,Eraci Eponina Jaques de Oliveira
2740915784,https://www.vivareal.com.br/imovel/apartamento-2-quartos-morretes-bairros-itapema-com-garagem-60m2-venda-RS650000-id-2740915784/,Apartamento novo excelente localização. Oportunidade para investimento! em Morretes - Itapema - SC,Morretes,2,60,650000.0,10833.333333333334,350.0,850.0,38,449.25,0.27222222222222225,11578.130571871769,19721.41574075491,29934.291749360138,42260.17658733196,8163.348546305788,15005.975472071292,23264.31831351241,792500.0,0.010300755263477335,0.01893498482280289,0.02935560670474752,52.81229477383722,0.3676042677012609,False,SOFIS NEGÓCIOS IMOBILIÁRIOS
2476460689,https://www.vivareal.com.br/imovel/apartamento-2-quartos-morretes-bairros-itapema-com-garagem-69m2-venda-RS650000-id-2476460689/,ÓTIMO APARTAMENTO NOVO NO BAIRRO MORRETES EM ITAPEMA,Morretes,2,69,650000.0,9420.289855072464,350.0,850.0,38,449.25,0.27222222222222225,11578.130571871769,19721.41574075491,29934.291749360138,42260.17658733196,8163.348546305788,15005.975472071292,23264.31831351241,792500.0,0.010300755263477335,0.01893498482280289,0.02935560670474752,52.81229477383722,0.18962172647914646,False,G3 imóveis
2761506470,https://www.vivareal.com.br/imovel/apartamento-2-quartos-morretes-bairros-itapema-com-garagem-64m2-venda-RS650000-id-2761506470/,APARTAMENTO NOVO UMA OTIMA OPORTUNIDADE DE INVESTIMENTO,Morretes,2,64,650000.0,10156.25,350.0,850.0,38,449.25,0.27222222222222225,11578.130571871769,19721.41574075491,29934.291749360138,42260.17658733196,8163.348546305788,15005.975472071292,23264.31831351241,792500.0,0.010300755263477335,0.01893498482280289,0.02935560670474752,52.81229477383722,0.2827352085354025,False,REDE MOI
2745677036,https://www.vivareal.com.br/imovel/apartamento-2-quartos-morretes-bairros-itapema-com-garagem-69m2-venda-RS650000-id-2745677036/,APARTAMENTO COM AMPLO LAZER NO MORRETES,Morretes,2,69,650000.0,9420.289855072464,350.0,850.0,38,449.25,0.27222222222222225,11578.130571871769,19721.41574075491,29934.291749360138,42260.17658733196,8163.348546305788,15005.975472071292,23264.31831351241,792500.0,0.010300755263477335,0.01893498482280289,0.02935560670474752,52.81229477383722,0.18962172647914646,False,Scheeren & Silveira Imobiliaria LTDA
2616411532,https://www.vivareal.com.br/imovel/apartamento-2-quartos-tabuleiro-dos-oliveiras-bairros-itapema-com-garagem-70m2-venda-RS695000-id-2616411532/,"Apartamento com 2 dormitórios à venda, 70 m² por R$ 695.000,00 - Tabuleiro dos Oliveiras - Itapema/S",Tabuleiro dos Oliveiras,2,70,695000.0,9928.57142857143,400.0,900.0,10,447.5,0.34444444444444444,12467.702950475039,21236.654025642478,32234.20700320734,45507.11576923389,8528.558197180459,15896.918692148916,24789.7675653867,839750.0,0.010156068112152972,0.01893053729341937,0.029520413891499495,52.82470246354919,0.1651376146788991,False,SHS Imóveis
2669591094,https://www.vivareal.com.br/imovel/apartamento-2-quartos-tabuleiro-dos-oliveiras-bairros-itapema-69m2-venda-RS695000-id-2669591094/,apartamento a venda de 2 quartos em itapema - santa catarina,Tabuleiro dos Oliveiras,2,69,695000.0,10072.463768115942,400.0,900.0,10,447.5,0.34444444444444444,12467.702950475039,21236.654025642478,32234.20700320734,45507.11576923389,8528.558197180459,15896.918692148916,24789.7675653867,839750.0,0.010156068112152972,0.01893053729341937,0.029520413891499495,52.82470246354919,0.2018348623853211,False,PB IMÓVEIS EXCLUSIVOS
2740361621,https://www.vivareal.com.br/imovel/apartamento-2-quartos-morretes-bairros-itapema-com-garagem-66m2-venda-RS676000-id-2740361621/,apartamento a venda de 2 quartos em itapema - santa catarina,Morretes,2,66,676000.0,10242.424242424242,300.0,950.0,38,449.25,0.27222222222222225,11578.130571871769,19721.41574075491,29934.291749360138,42260.17658733196,8663.348546305788,15505.975472071292,23764.31831351241,819800.0,0.010567636675171735,0.018914339438974494,0.028987946222874372,52.86994046112025,0.29000969932104753,False,PB IMÓVEIS EXCLUSIVOS
2766855218,https://www.vivareal.com.br/imovel/apartamento-2-quartos-morretes-bairros-itapema-com-garagem-63m2-venda-RS651800-id-2766855218/,"Oportunidade! Apartamento com 2 Suítes à venda, 63 m² no Morretes - Itapema/SC",Morretes,2,63,651800.0,10346.031746031746,350.0,850.0,38,449.25,0.27222222222222225,11578.130571871769,19721.41574075491,29934.291749360138,42260.17658733196,8163.348546305788,15005.975472071292,23264.31831351241,794390.0,0.01027624787107817,0.018889935009342128,0.029285764314143443,52.93824459985937,0.30358874878758485,False,LANA NEGOCIOS IMOBILIARIOS LTDA
2769840201,https://www.vivareal.com.br/imovel/apartamento-2-quartos-morretes-bairros-itapema-com-garagem-67m2-venda-RS649650-id-2769840201/,Apartamento em Rua 414 - Morretes - Itapema/SC,Morretes,2,67,649650.0,9696.268656716418,350.0,900.0,38,449.25,0.27222222222222225,11578.130571871769,19721.41574075491,29934.291749360138,42260.17658733196,8113.348546305788,14955.975472071292,23214.31831351241,792132.5,0.010242413417333321,0.018880648719843324,0.02930610511942435,52.96428183365399,0.21435499515033948,False,USUÁRIO NEWCORE
2560060466,https://www.vivareal.com.br/imovel/apartamento-2-quartos-morretes-bairros-itapema-com-garagem-67m2-venda-RS652870-id-2560060466/,ITAPEMA - Apartamento Padrão - Morretes,Morretes,2,67,652870.0,9744.328358208955,350.0,850.0,38,449.25,0.27222222222222225,11578.130571871769,19721.41574075491,29934.291749360138,42260.17658733196,8163.348546305788,15005.975472071292,23264.31831351241,795513.5,0.010261734774212867,0.018863256842368222,0.029244404166003983,53.01311477421698,0.22211445198836083,False,Leonardo Batista
2769840188,https://www.vivareal.com.br/imovel/apartamento-2-quartos-morretes-bairros-itapema-com-garagem-70m2-venda-RS713995-id-2769840188/,Apartamento em Rua 416 - Morretes - Itapema/SC,Morretes,2,70,713995.0,10199.92857142857,250.0,850.0,38,449.25,0.27222222222222225,11578.130571871769,19721.41574075491,29934.291749360138,42260.17658733196,9363.348546305788,16205.975472071292,24464.31831351241,859694.75,0.010891480431055079,0.01885084848089545,0.028456982334151056,53.04801006774091,0.28612997090203685,False,USUÁRIO NEWCORE
2770024542,https://www.vivareal.com.br/imovel/apartamento-2-quartos-tabuleiro-dos-oliveiras-bairros-itapema-com-garagem-60m2-venda-RS668570-id-2770024542/,Apartamento em Rua 617 - Tabuleiro dos Oliveiras - Itapema/SC,Tabuleiro dos Oliveiras,2,60,668570.0,11142.833333333334,450.0,900.0,10,447.5,0.34444444444444444,12467.702950475039,21236.654025642478,32234.20700320734,45507.11576923389,7928.558197180459,15296.918692148916,24189.7675653867,811998.5,0.00976425227039269,0.018838604618295375,0.029790409176108947,53.08248780957142,0.3761467889908257,False,USUÁRIO NEWCORE
2766853315,https://www.vivareal.com.br/imovel/apartamento-2-quartos-morretes-bairros-itapema-com-garagem-65m2-venda-RS654800-id-2766853315/,"Apartamento com 2 dormitórios à venda, Morretes - Itapema/SC",Morretes,2,65,654800.0,10073.846153846154,350.0,850.0,38,449.25,0.27222222222222225,11578.130571871769,19721.41574075491,29934.291749360138,42260.17658733196,8163.348546305788,15005.975472071292,23264.31831351241,797540.0,0.010235660338422886,0.018815326468981233,0.029170095936896467,53.14816097656295,0.2677012609117362,False,LANA NEGOCIOS IMOBILIARIOS LTDA
2652784252,https://www.vivareal.com.br/imovel/apartamento-3-quartos-meia-praia-bairros-itapema-com-garagem-100m2-venda-RS1050000-id-2652784252/,BARBADAAAA!! Apto de 3 quartos MOBILIAD0 - 2a QUADRA MAR na Meia Praia - Itapema - SC,Meia Praia,3,100,1050000.0,10500.0,400.0,880.0,201,690.0,0.3,16716.8871082036,28474.431040973457,43220.11854433471,61016.63794494313,13397.868797452214,23277.479424704256,35201.14742311189,1237500.0,0.01082656064440583,0.0188100843835994,0.028445371655039912,53.16297256337163,0.11380145278450363,False,Mariana Naegeli Soares
2764631729,https://www.vivareal.com.br/imovel/apartamento-2-quartos-morretes-bairros-itapema-com-garagem-60m2-venda-RS680000-id-2764631729/,Apartamento à venda no Edifício Armona em Itapema,Morretes,2,60,680000.0,11333.333333333334,330.0,600.0,38,449.25,0.27222222222222225,11578.130571871769,19721.41574075491,29934.291749360138,42260.17658733196,8653.348546305788,15495.975472071292,23754.31831351241,824000.0,0.010501636585322558,0.018805795475814676,0.028828056205718943,53.175097075051,0.4384093113482056,False,Imobille Negócios Imobiliários
2736814324,https://www.vivareal.com.br/imovel/apartamento-2-quartos-morretes-bairros-itapema-com-garagem-70m2-venda-RS658000-id-2736814324/,"Apartamento com 2 dormitórios à venda, 70 m² por R$ 658.000,00 - Morretes - Itapema/SC",Morretes,2,70,658000.0,9400.0,350.0,850.0,38,449.25,0.27222222222222225,11578.130571871769,19721.41574075491,29934.291749360138,42260.17658733196,8163.348546305788,15005.975472071292,23264.31831351241,800900.0,0.010192718874148817,0.018736390900326246,0.029047719207781757,53.3720717783801,0.1842870999030068,False,Winner Brokers
2766852132,https://www.vivareal.com.br/imovel/apartamento-2-quartos-morretes-bairros-itapema-com-garagem-60m2-venda-RS659800-id-2766852132/,"OPORTUNIDADE! Apartamento com VISTA MAR e 2 dormitórios à venda, Morretes - Itapema/SC",Morretes,2,60,659800.0,10996.666666666666,350.0,850.0,38,449.25,0.27222222222222225,11578.130571871769,19721.41574075491,29934.291749360138,42260.17658733196,8163.348546305788,15005.975472071292,23264.31831351241,802790.0,0.01016872226398658,0.01869228001354189,0.02897933246990173,53.49802160440225,0.3850630455868089,False,LANA NEGOCIOS IMOBILIARIOS LTDA
2703746122,https://www.vivareal.com.br/imovel/apartamento-2-quartos-morretes-bairros-itapema-com-garagem-70m2-venda-RS660000-id-2703746122/,APARTAMENTOPARAVENDANOMORRETES,Morretes,2,70,660000.0,9428.57142857143,350.0,850.0,38,449.25,0.27222222222222225,11578.130571871769,19721.41574075491,29934.291749360138,42260.17658733196,8163.348546305788,15005.975472071292,23264.31831351241,803000.0,0.010166062946831617,0.018687391621508457,0.028971753815083948,53.51201602951582,0.19495635305528614,False,Scheeren & Silveira Imobiliaria LTDA
2692635758,https://www.vivareal.com.br/imovel/apartamento-2-quartos-morretes-bairros-itapema-com-garagem-70m2-venda-RS660000-id-2692635758/,APARTAMENTO PARA VENDA NO MORRETES,Morretes,2,70,660000.0,9428.57142857143,350.0,850.0,38,449.25,0.27222222222222225,11578.130571871769,19721.41574075491,29934.291749360138,42260.17658733196,8163.348546305788,15005.975472071292,23264.31831351241,803000.0,0.010166062946831617,0.018687391621508457,0.028971753815083948,53.51201602951582,0.19495635305528614,False,Scheeren & Silveira Imobiliaria LTDA
2757661936,https://www.vivareal.com.br/imovel/apartamento-2-quartos-morretes-bairros-itapema-com-garagem-70m2-venda-RS660000-id-2757661936/,APARTAMENTO PARA VENDA NO MORRETES,Morretes,2,70,660000.0,9428.57142857143,350.0,850.0,38,449.25,0.27222222222222225,11578.130571871769,19721.41574075491,29934.291749360138,42260.17658733196,8163.348546305788,15005.975472071292,23264.31831351241,803000.0,0.010166062946831617,0.018687391621508457,0.028971753815083948,53.51201602951582,0.19495635305528614,False,Scheeren & Silveira Imobiliaria LTDA
2646971218,https://www.vivareal.com.br/imovel/apartamento-2-quartos-morretes-bairros-itapema-com-garagem-70m2-venda-RS660000-id-2646971218/,APARTAMENTO PARA VENDA NO MORRETES,Morretes,2,70,660000.0,9428.57142857143,350.0,850.0,38,449.25,0.27222222222222225,11578.130571871769,19721.41574075491,29934.291749360138,42260.17658733196,8163.348546305788,15005.975472071292,23264.31831351241,803000.0,0.010166062946831617,0.018687391621508457,0.028971753815083948,53.51201602951582,0.19495635305528614,False,Scheeren & Silveira Imobiliaria LTDA
2767255918,https://www.vivareal.com.br/imovel/apartamento-2-quartos-morretes-bairros-itapema-com-garagem-58m2-venda-RS690000-id-2767255918/,Lindo apartamento de 02 quartos DECORADO no Morretes - Itapema - SC,Morretes,2,58,690000.0,11896.551724137931,340.0,400.0,38,449.25,0.27222222222222225,11578.130571871769,19721.41574075491,29934.291749360138,42260.17658733196,8733.348546305788,15575.975472071292,23834.31831351241,834500.0,0.010465366742127967,0.018665039511169913,0.028561196301392942,53.57609874876289,0.562560620756547,False,Mariana Naegeli Soares
2704940062,https://www.vivareal.com.br/imovel/apartamento-3-quartos-meia-praia-bairros-itapema-com-garagem-70m2-venda-RS1050000-id-2704940062/,APARTAMENTO PARA VENDA EM MEIA PRAIA,Meia Praia,3,70,1050000.0,15000.0,350.0,1700.0,201,690.0,0.3,16716.8871082036,28474.431040973457,43220.11854433471,61016.63794494313,13177.868797452214,23057.479424704256,34981.14742311189,1237500.0,0.010648782866628051,0.01863230660582162,0.028267593877262135,53.67022028757042,0.5081719128329297,False,Scheeren & Silveira Imobiliaria LTDA
2569298355,https://www.vivareal.com.br/imovel/apartamento-1-quartos-meia-praia-bairros-itapema-com-garagem-40m2-venda-RS592000-id-2569298355/,FLAT 1 VAGA GARAGEM EM MEIA PRAIA ITAPEMA,Meia Praia,1,40,592000.0,14800.0,727.5,1000.0,15,480.0,0.35555555555555557,13216.084193628425,22511.39674314708,34169.084342276816,48238.707306743745,5352.635817908542,13163.286509325466,22589.933895518305,706600.0,0.007575199289426185,0.018629049687695253,0.031969903616640684,53.67960345612873,0.16071428571428573,False,Reggiori Imóveis
2646971197,https://www.vivareal.com.br/imovel/apartamento-2-quartos-morretes-bairros-itapema-com-garagem-70m2-venda-RS680000-id-2646971197/,APARTAMENTO BEM LOCALIZADO NO MORRETES,Morretes,2,70,680000.0,9714.285714285714,330.0,750.0,38,449.25,0.27222222222222225,11578.130571871769,19721.41574075491,29934.291749360138,42260.17658733196,8503.348546305788,15345.975472071292,23604.31831351241,824000.0,0.010319597750371102,0.01862375664086322,0.028646017370767485,53.694859704397956,0.21871968962172647,False,Scheeren & Silveira Imobiliaria LTDA
2751486529,https://www.vivareal.com.br/imovel/apartamento-2-quartos-meia-praia-bairros-itapema-com-garagem-65m2-venda-RS695000-id-2751486529/,"Apartamento à venda, 2 quartos, 1 suíte, 1 vaga, MEIA PRAIA - ITAPEMA/SC",Meia Praia,2,65,695000.0,10692.307692307691,500.0,1083.0,90,450.0,0.34444444444444444,13117.121211723272,22342.82979730197,33913.2237994762,47877.49242278994,7886.695964192317,15638.859945649056,24994.919923269255,839750.0,0.009391718921336488,0.01862323304036803,0.029764715597819895,53.69636935930421,0.26141078838174275,False,Imobiliária Séculus
2760094110,https://www.vivareal.com.br/imovel/apartamento-2-quartos-meia-praia-bairros-itapema-com-garagem-70m2-venda-RS695000-id-2760094110/,APARTAMENTO - MEIA PRAIA - SC,Centro,2,70,695000.0,9928.57142857143,460.0,700.0,47,627.0,0.24444444444444444,12608.767350173639,21476.933719795765,32598.917253261432,46022.00082813379,8169.545592263161,15621.274559685156,24614.740554849635,839750.0,0.009728544914871283,0.018602291824572976,0.029311986370764674,53.75681714008137,0.14285714285714285,False,Leardi Sao Jose 288 - CRECI: 54756F
2760155241,https://www.vivareal.com.br/imovel/apartamento-2-quartos-meia-praia-bairros-itapema-com-garagem-70m2-venda-RS695000-id-2760155241/,APARTAMENTO - MEIA PRAIA - SC,Centro,2,70,695000.0,9928.57142857143,460.0,700.0,47,627.0,0.24444444444444444,12608.767350173639,21476.933719795765,32598.917253261432,46022.00082813379,8169.545592263161,15621.274559685156,24614.740554849635,839750.0,0.009728544914871283,0.018602291824572976,0.029311986370764674,53.75681714008137,0.14285714285714285,False,Paulo Roberto Leardi
2760221735,https://www.vivareal.com.br/imovel/apartamento-2-quartos-meia-praia-bairros-itapema-com-garagem-70m2-venda-RS695000-id-2760221735/,APARTAMENTO - MEIA PRAIA - SC,Centro,2,70,695000.0,9928.57142857143,460.0,700.0,47,627.0,0.24444444444444444,12608.767350173639,21476.933719795765,32598.917253261432,46022.00082813379,8169.545592263161,15621.274559685156,24614.740554849635,839750.0,0.009728544914871283,0.018602291824572976,0.029311986370764674,53.75681714008137,0.14285714285714285,False,Paulo Roberto Leardi
2767584134,https://www.vivareal.com.br/imovel/apartamento-2-quartos-morretes-bairros-itapema-com-garagem-65m2-venda-RS756281-id-2767584134/,Apartamento de 02 dormitórios em Itapema-SC.,Morretes,2,65,756281.0,11635.092307692308,200.0,850.0,38,449.25,0.27222222222222225,11578.130571871769,19721.41574075491,29934.291749360138,42260.17658733196,9963.348546305788,16805.97547207129,25064.31831351241,904095.05,0.011020244548740519,0.018588726342513757,0.027723100921205585,53.79604721561413,0.518913676042677,False,HRM Imóveis
2769842192,https://www.vivareal.com.br/imovel/apartamento-2-quartos-morretes-bairros-itapema-com-garagem-60m2-venda-RS689690-id-2769842192/,Apartamento em Rua 406 A - Morretes - Itapema/SC,Morretes,2,60,689690.0,11494.833333333334,300.0,950.0,38,449.25,0.27222222222222225,11578.130571871769,19721.41574075491,29934.291749360138,42260.17658733196,8663.348546305788,15505.975472071292,23764.31831351241,834174.5,0.010385535096440598,0.018588407428027698,0.0284884257592535,53.796970174658156,0.481086323957323,False,USUÁRIO NEWCORE
2729401327,https://www.vivareal.com.br/imovel/apartamento-2-quartos-centro-bairros-itapema-com-garagem-69m2-venda-RS710000-id-2729401327/,APARTAMENTO A VENDA EM ITAPEMA | 02 SUÍTES,Tabuleiro dos Oliveiras,2,69,710000.0,10289.855072463768,400.0,900.0,10,447.5,0.34444444444444444,12467.702950475039,21236.654025642478,32234.20700320734,45507.11576923389,8528.558197180459,15896.918692148916,24789.7675653867,855500.0,0.009969091989690775,0.018582020680477984,0.028976934617634953,53.81546050320492,0.21100917431192662,False,Eraci Eponina Jaques de Oliveira
2631033182,https://www.vivareal.com.br/imovel/apartamento-2-quartos-morretes-bairros-itapema-com-garagem-62m2-venda-RS674000-id-2631033182/,Apartamento à venda de 2 quartos em Itapema SC,Morretes,2,62,674000.0,10870.967741935483,350.0,700.0,38,449.25,0.27222222222222225,11578.130571871769,19721.41574075491,29934.291749360138,42260.17658733196,8313.348546305788,15155.975472071292,23414.31831351241,817700.0,0.010166746418375673,0.018534885009259254,0.028634362618946325,53.95231745438086,0.37536372453928224,False,PB IMÓVEIS
2738706869,https://www.vivareal.com.br/imovel/apartamento-2-quartos-morretes-bairros-itapema-com-garagem-60m2-venda-RS698597-id-2738706869/,Apartamento no morretes para aluguel anual Cópia,Morretes,2,60,698597.0,11643.283333333333,300.0,850.0,38,449.25,0.27222222222222225,11578.130571871769,19721.41574075491,29934.291749360138,42260.17658733196,8763.348546305788,15605.975472071292,23864.31831351241,843526.85,0.010388938474579426,0.018500863928719392,0.028291118787164168,54.05152990978293,0.5213385063045587,False,Conceito Imóveis Ponta Grossa
2760158013,https://www.vivareal.com.br/imovel/apartamento-2-quartos-meia-praia-bairros-itapema-com-garagem-60m2-venda-RS650000-id-2760158013/,APARTAMENTO - MEIA PRAIA - SC,Centro,2,60,650000.0,10833.333333333334,500.0,1200.0,47,627.0,0.24444444444444444,12608.767350173639,21476.933719795765,32598.917253261432,46022.00082813379,7189.545592263161,14641.274559685156,23634.740554849635,792500.0,0.009071981819890424,0.018474794397079063,0.029823016472996386,54.12780129007032,0.21428571428571427,False,Paulo Roberto Leardi
2760097339,https://www.vivareal.com.br/imovel/apartamento-2-quartos-meia-praia-bairros-itapema-com-garagem-60m2-venda-RS650000-id-2760097339/,APARTAMENTO - MEIA PRAIA - SC,Centro,2,60,650000.0,10833.333333333334,500.0,1200.0,47,627.0,0.24444444444444444,12608.767350173639,21476.933719795765,32598.917253261432,46022.00082813379,7189.545592263161,14641.274559685156,23634.740554849635,792500.0,0.009071981819890424,0.018474794397079063,0.029823016472996386,54.12780129007032,0.21428571428571427,False,Leardi Sao Jose 288 - CRECI: 54756F
2760221726,https://www.vivareal.com.br/imovel/apartamento-2-quartos-meia-praia-bairros-itapema-com-garagem-60m2-venda-RS650000-id-2760221726/,APARTAMENTO - MEIA PRAIA - SC,Centro,2,60,650000.0,10833.333333333334,500.0,1200.0,47,627.0,0.24444444444444444,12608.767350173639,21476.933719795765,32598.917253261432,46022.00082813379,7189.545592263161,14641.274559685156,23634.740554849635,792500.0,0.009071981819890424,0.018474794397079063,0.029823016472996386,54.12780129007032,0.21428571428571427,False,Paulo Roberto Leardi
2560060559,https://www.vivareal.com.br/imovel/apartamento-2-quartos-morretes-bairros-itapema-com-garagem-62m2-venda-RS669000-id-2560060559/,ITAPEMA - Apartamento Padrão - Morretes,Morretes,2,62,669000.0,10790.322580645161,350.0,850.0,38,449.25,0.27222222222222225,11578.130571871769,19721.41574075491,29934.291749360138,42260.17658733196,8163.348546305788,15005.975472071292,23264.31831351241,812450.0,0.010047816538009463,0.01847002950590349,0.028634769294741104,54.14176515962656,0.3627546071774976,False,Leonardo Batista
2658141300,https://www.vivareal.com.br/imovel/apartamento-2-quartos-morretes-bairros-itapema-com-garagem-70m2-venda-RS700000-id-2658141300/,Apartamento semi mobiliado. em Morretes - Itapema - SC,Morretes,2,70,700000.0,10000.0,300.0,850.0,38,449.25,0.27222222222222225,11578.130571871769,19721.41574075491,29934.291749360138,42260.17658733196,8763.348546305788,15605.975472071292,23864.31831351241,845000.0,0.010370826682018684,0.018468610026119874,0.028241796820724745,54.145926444151215,0.25703200775945684,False,SOFIS NEGÓCIOS IMOBILIÁRIOS
2720532653,https://www.vivareal.com.br/imovel/apartamento-2-quartos-morretes-bairros-itapema-com-garagem-80m2-venda-RS669950-id-2720532653/,"Sobrado com 02 sites, proximo mercado Koch",Morretes,2,80,669950.0,8374.375,350.0,850.0,38,449.25,0.27222222222222225,11578.130571871769,19721.41574075491,29934.291749360138,42260.17658733196,8163.348546305788,15005.975472071292,23264.31831351241,813447.5,0.01003549527941974,0.018447380405092268,0.028599655556766,54.208238678916025,0.10184287099903007,False,Crédito Real | Itapema
2557257980,https://www.vivareal.com.br/imovel/apartamento-2-quartos-morretes-bairros-itapema-com-garagem-66m2-venda-RS670000-id-2557257980/,APARTAMENTO A VENDA EM ITAPEMA | 2 DORMITORIOS,Morretes,2,66,670000.0,10151.515151515152,350.0,850.0,38,449.25,0.27222222222222225,11578.130571871769,19721.41574075491,29934.291749360138,42260.17658733196,8163.348546305788,15005.975472071292,23264.31831351241,813500.0,0.01003484762914049,0.0184461898857668,0.028597809850660613,54.211737285194424,0.28031037827352084,False,Eraci Eponina Jaques de Oliveira
2758342819,https://www.vivareal.com.br/imovel/apartamento-2-quartos-morretes-bairros-itapema-com-garagem-58m2-venda-RS670000-id-2758342819/,EXCELENTE OPORTUNIDADE NO MORRETES,Morretes,2,58,670000.0,11551.724137931034,350.0,850.0,38,449.25,0.27222222222222225,11578.130571871769,19721.41574075491,29934.291749360138,42260.17658733196,8163.348546305788,15005.975472071292,23264.31831351241,813500.0,0.01003484762914049,0.0184461898857668,0.028597809850660613,54.211737285194424,0.49951503394762364,False,Scheeren & Silveira Imobiliaria LTDA
2600013655,https://www.vivareal.com.br/imovel/apartamento-2-quartos-morretes-bairros-itapema-com-garagem-67m2-venda-RS670000-id-2600013655/,ITAPEMA - Apartamento Padrão - Morretes,Morretes,2,67,670000.0,10000.0,350.0,850.0,38,449.25,0.27222222222222225,11578.130571871769,19721.41574075491,29934.291749360138,42260.17658733196,8163.348546305788,15005.975472071292,23264.31831351241,813500.0,0.01003484762914049,0.0184461898857668,0.028597809850660613,54.211737285194424,0.25703200775945684,False,Leonardo Batista
2765061640,https://www.vivareal.com.br/imovel/apartamento-3-quartos-meia-praia-bairros-itapema-com-garagem-93m2-venda-RS960000-id-2765061640/,Apartamento em Meia Praia - Itapema,Meia Praia,3,93,960000.0,10322.58064516129,571.0,1023.0,201,690.0,0.3,16716.8871082036,28474.431040973457,43220.11854433471,61016.63794494313,11202.868797452214,21082.479424704256,33006.14742311189,1143000.0,0.009801285037141045,0.018444863888630144,0.028876769399048024,54.21563455485426,0.10290556900726393,False,Auxiliadora Predial - Itapema SC
2635411581,https://www.vivareal.com.br/imovel/apartamento-4-quartos-meia-praia-bairros-itapema-com-garagem-142m2-venda-RS1835000-id-2635411581/,Liberty - 4 Dormitórios na Meia Praia - Itapema - SC,Meia Praia,4,142,1835000.0,12922.535211267606,400.0,890.0,32,899.5,0.31666666666666665,25473.41639706081,43389.719262993574,65859.39530990097,92977.96984927195,23381.111906205693,38435.79485763364,56605.2397990122,2086750.0,0.011204558239466008,0.0184189744136258,0.0271260284169221,54.29183935779997,0.13723849372384936,False,WA 10 Imóveis
2762332313,https://www.vivareal.com.br/imovel/apartamento-2-quartos-tabuleiro-dos-oliveiras-bairros-itapema-com-garagem-63m2-venda-RS717761-id-2762332313/,Apartamento - 2 dormitórios - 2 Suítes - localizado em Itapema / Tabuleiro dos Oliveiras REF: DW4629,Tabuleiro dos Oliveiras,2,63,717761.0,11393.031746031746,400.0,900.0,10,447.5,0.34444444444444444,12467.702950475039,21236.654025642478,32234.20700320734,45507.11576923389,8528.558197180459,15896.918692148916,24789.7675653867,863649.05,0.009875027590408926,0.018406688101085637,0.02870351975190235,54.328078712922796,0.44954128440366975,False,SOLLO48 LITORAL
2562410210,https://www.vivareal.com.br/imovel/apartamento-2-quartos-morretes-bairros-itapema-com-garagem-78m2-venda-RS673719-id-2562410210/,ITAPEMA - Apartamento Padrão - Morretes,Morretes,2,78,673719.0,8637.423076923076,350.0,850.0,38,449.25,0.27222222222222225,11578.130571871769,19721.41574075491,29934.291749360138,42260.17658733196,8163.348546305788,15005.975472071292,23264.31831351241,817404.9500000001,0.00998690862626387,0.018358067775429168,0.028461190886490725,54.4719636201813,0.1309408341416101,False,Leonardo Batista
2673147348,https://www.vivareal.com.br/imovel/apartamento-2-quartos-morretes-bairros-itapema-com-garagem-70m2-venda-RS700000-id-2673147348/,"Apartamento em Morretes, Itapema: Seu Refúgio à Beira-Mar! I Cadore Imóveis",Morretes,2,70,700000.0,10000.0,310.0,850.0,38,449.25,0.27222222222222225,11578.130571871769,19721.41574075491,29934.291749360138,42260.17658733196,8643.348546305788,15485.975472071292,23744.31831351241,845000.0,0.010228814847699157,0.018326598191800346,0.028099784986405217,54.56550034732679,0.25703200775945684,False,CADORE IMOVEIS LTDA - EPP
2652670153,https://www.vivareal.com.br/imovel/apartamento-2-quartos-morretes-bairros-itapema-68m2-venda-RS677000-id-2652670153/,Apartamento à venda no bairro Morretes,Morretes,2,68,677000.0,9955.882352941177,350.0,850.0,38,449.25,0.27222222222222225,11578.130571871769,19721.41574075491,29934.291749360138,42260.17658733196,8163.348546305788,15005.975472071292,23264.31831351241,820850.0,0.009944994269727463,0.018281020249827973,0.028341741260294095,54.70154216416944,0.24830261881668284,False,Imobiliária Moresco
2627156154,https://www.vivareal.com.br/imovel/apartamento-2-quartos-morretes-bairros-itapema-com-garagem-70m2-venda-RS678000-id-2627156154/,"Apartamento para Venda em Itapema, MORRETES, 2 dormitórios, 1 suíte, 2 banheiros, 1 vaga",Morretes,2,70,678000.0,9685.714285714286,350.0,850.0,38,449.25,0.27222222222222225,11578.130571871769,19721.41574075491,29934.291749360138,42260.17658733196,8163.348546305788,15005.975472071292,23264.31831351241,821900.0,0.009932289264272767,0.018257665740444448,0.028305533901341294,54.771514289737304,0.21241513094083414,False,INEZ JESUS NUNES LIMA
2765619467,https://www.vivareal.com.br/imovel/apartamento-2-quartos-morretes-bairros-itapema-com-garagem-70m2-venda-RS680000-id-2765619467/,apartamento a venda de 2 quartos em itapema - santa catarina,Morretes,2,70,680000.0,9714.285714285714,350.0,850.0,38,449.25,0.27222222222222225,11578.130571871769,19721.41574075491,29934.291749360138,42260.17658733196,8163.348546305788,15005.975472071292,23264.31831351241,824000.0,0.009906976391147801,0.018211135281639916,0.028233396011544187,54.91145854087302,0.21871968962172647,False,PB IMÓVEIS EXCLUSIVOS
2769363335,https://www.vivareal.com.br/imovel/apartamento-2-quartos-morretes-bairros-itapema-com-garagem-68m2-venda-RS680000-id-2769363335/,"2 dormitórios, 1 vaga Sacada com churrasqueira Porcelanato e rebaixo em gesso Horta colaborativa e c",Morretes,2,68,680000.0,10000.0,350.0,850.0,38,449.25,0.27222222222222225,11578.130571871769,19721.41574075491,29934.291749360138,42260.17658733196,8163.348546305788,15005.975472071292,23264.31831351241,824000.0,0.009906976391147801,0.018211135281639916,0.028233396011544187,54.91145854087302,0.25703200775945684,False,LANA NEGOCIOS IMOBILIARIOS LTDA
2754737688,https://www.vivareal.com.br/imovel/apartamento-2-quartos-morretes-bairros-itapema-com-garagem-71m2-venda-RS680000-id-2754737688/,Apartamento em Morretes,Morretes,2,71,680000.0,9577.464788732394,350.0,850.0,38,449.25,0.27222222222222225,11578.130571871769,19721.41574075491,29934.291749360138,42260.17658733196,8163.348546305788,15005.975472071292,23264.31831351241,824000.0,0.009906976391147801,0.018211135281639916,0.028233396011544187,54.91145854087302,0.20853540252182348,False,Imóveis Crédito Real
2560698778,https://www.vivareal.com.br/imovel/apartamento-2-quartos-morretes-bairros-itapema-com-garagem-67m2-venda-RS680000-id-2560698778/,"Apartamento 2 suítes, Morretes Itapema SC",Morretes,2,67,680000.0,10149.253731343284,350.0,850.0,38,449.25,0.27222222222222225,11578.130571871769,19721.41574075491,29934.291749360138,42260.17658733196,8163.348546305788,15005.975472071292,23264.31831351241,824000.0,0.009906976391147801,0.018211135281639916,0.028233396011544187,54.91145854087302,0.2793404461687682,False,Eraci Eponina Jaques de Oliveira
2740938864,https://www.vivareal.com.br/imovel/apartamento-2-quartos-morretes-bairros-itapema-com-garagem-70m2-venda-RS680000-id-2740938864/,"Apartamento com duas suítes no Morretes, Itapema com 70m2.",Morretes,2,70,680000.0,9714.285714285714,350.0,850.0,38,449.25,0.27222222222222225,11578.130571871769,19721.41574075491,29934.291749360138,42260.17658733196,8163.348546305788,15005.975472071292,23264.31831351241,824000.0,0.009906976391147801,0.018211135281639916,0.028233396011544187,54.91145854087302,0.21871968962172647,False,Crédito Real | Itapema
2714719965,https://www.vivareal.com.br/imovel/apartamento-2-quartos-morretes-bairros-itapema-com-garagem-69m2-venda-RS680000-id-2714719965/,Filemon Residence - Compacto de Luxo Itapema/SC,Morretes,2,69,680000.0,9855.072463768116,350.0,850.0,38,449.25,0.27222222222222225,11578.130571871769,19721.41574075491,29934.291749360138,42260.17658733196,8163.348546305788,15005.975472071292,23264.31831351241,824000.0,0.009906976391147801,0.018211135281639916,0.028233396011544187,54.91145854087302,0.2318137730358875,False,Conceito Imóveis Ponta Grossa
2626581157,https://www.vivareal.com.br/imovel/apartamento-2-quartos-tabuleiro-dos-oliveiras-bairros-itapema-com-garagem-70m2-venda-RS750000-id-2626581157/,Apartamento no Residencial Parque das Oliveiras em Itapema,Tabuleiro dos Oliveiras,2,70,750000.0,10714.285714285714,366.0,900.0,10,447.5,0.34444444444444444,12467.702950475039,21236.654025642478,32234.20700320734,45507.11576923389,8936.558197180459,16304.918692148916,25197.7675653867,897500.0,0.00995716790772196,0.018167040325514115,0.028075507036642564,55.044739378685826,0.27522935779816515,False,Imobille Negócios Imobiliários
2747920423,https://www.vivareal.com.br/imovel/apartamento-2-quartos-morretes-bairros-itapema-com-garagem-60m2-venda-RS682000-id-2747920423/,Apartamento novo no Morretes,Morretes,2,60,682000.0,11366.666666666666,350.0,850.0,38,449.25,0.27222222222222225,11578.130571871769,19721.41574075491,29934.291749360138,42260.17658733196,8163.348546305788,15005.975472071292,23264.31831351241,826100.0,0.009881792211966818,0.018164841389748568,0.028161624880174808,55.051402792008744,0.44907856450048494,False,CONFIARI INVESTIMENTOS IMOBILIÁRIOS
2597754509,https://www.vivareal.com.br/imovel/apartamento-2-quartos-morretes-bairros-itapema-com-garagem-69m2-venda-RS682000-id-2597754509/,"APARTAMENTO com 2 dormitórios à venda com 69m² por R$ 682.000,00 no bairro Morretes - ITAPEMA / SC",Morretes,2,69,682000.0,9884.057971014492,350.0,850.0,38,449.25,0.27222222222222225,11578.130571871769,19721.41574075491,29934.291749360138,42260.17658733196,8163.348546305788,15005.975472071292,23264.31831351241,826100.0,0.009881792211966818,0.018164841389748568,0.028161624880174808,55.051402792008744,0.2347235693501455,False,Max Curitiba Imóveis
2736815415,https://www.vivareal.com.br/imovel/apartamento-2-quartos-morretes-bairros-itapema-70m2-venda-RS683000-id-2736815415/,"Apartamento com 2 dormitórios à venda, 70 m² por R$ 683.000,00 - Morretes - Itapema/SC",Morretes,2,70,683000.0,9757.142857142857,350.0,850.0,38,449.25,0.27222222222222225,11578.130571871769,19721.41574075491,29934.291749360138,42260.17658733196,8163.348546305788,15005.975472071292,23264.31831351241,827150.0,0.00986924807629304,0.018141782593328045,0.028125875975956487,55.1213749175766,0.22405431619786614,False,Winner Brokers
2743475777,https://www.vivareal.com.br/imovel/apartamento-2-quartos-morretes-bairros-itapema-com-garagem-66m2-venda-RS683000-id-2743475777/,APARTAMENTO À VENDA DE 02 QUARTOS EM ITAPEMA SC,Morretes,2,66,683000.0,10348.484848484848,350.0,850.0,38,449.25,0.27222222222222225,11578.130571871769,19721.41574075491,29934.291749360138,42260.17658733196,8163.348546305788,15005.975472071292,23264.31831351241,827150.0,0.00986924807629304,0.018141782593328045,0.028125875975956487,55.1213749175766,0.30455868089233756,False,PB IMÓVEIS
2766854613,https://www.vivareal.com.br/imovel/apartamento-2-quartos-morretes-bairros-itapema-com-garagem-69m2-venda-RS683800-id-2766854613/,"Ótimo Apartamento com 2 Suítes à venda, 69 m² - Morretes - Itapema/SC",Morretes,2,69,683800.0,9910.144927536232,350.0,850.0,38,449.25,0.27222222222222225,11578.130571871769,19721.41574075491,29934.291749360138,42260.17658733196,8163.348546305788,15005.975472071292,23264.31831351241,827990.0,0.009859235674713206,0.01812337766406755,0.028097342133977958,55.17735261803089,0.2376333656644035,False,LANA NEGOCIOS IMOBILIARIOS LTDA

